model,condition,example_id,raw_output_len_chars,extracted_code_len_chars,flags,warning,error
qwen2.5-coder:7b,no_review,crn-006057,704,704,unclosed_code_fence,no_code_fence_used_raw_text,
qwen2.5-coder:7b,no_review,crn-010721,28,14,very_short_extracted_code,extracted_from_code_fence,
qwen2.5-coder:7b,no_review,crn-008584,24,14,very_short_extracted_code,extracted_from_code_fence,
qwen2.5-coder:7b,no_review,crn-001518,288,270,unclosed_code_fence,extracted_from_code_fence,
qwen2.5-coder:7b,no_review,crn-004812,15,3,very_short_extracted_code,extracted_from_code_fence,
qwen2.5-coder:7b,no_review,crn-002282,268,232,unclosed_code_fence,extracted_from_code_fence,
qwen2.5-coder:7b,no_review,crn-012164,31,17,very_short_extracted_code,extracted_from_code_fence,
qwen2.5-coder:7b,no_review,crn-006105,1462,1461,unclosed_code_fence,no_code_fence_used_raw_text,
qwen2.5-coder:7b,no_review,crn-014606,429,429,unclosed_code_fence,no_code_fence_used_raw_text,
qwen2.5-coder:7b,no_review,crn-011998,1846,1846,unclosed_code_fence;near_num_predict_char_risk,no_code_fence_used_raw_text,
qwen2.5-coder:7b,no_review,crn-002283,268,232,unclosed_code_fence,extracted_from_code_fence,
qwen2.5-coder:7b,no_review,crn-006911,265,265,unclosed_code_fence,no_code_fence_used_raw_text,
qwen2.5-coder:7b,no_review,crn-013319,1097,1097,unclosed_code_fence,no_code_fence_used_raw_text,
qwen2.5-coder:7b,no_review,crn-006104,1462,1461,unclosed_code_fence,no_code_fence_used_raw_text,
qwen2.5-coder:7b,no_review,crn-007541,29,15,very_short_extracted_code,extracted_from_code_fence,
qwen2.5-coder:7b,no_review,crn-001561,30,17,very_short_extracted_code,extracted_from_code_fence,
qwen2.5-coder:7b,no_review,crn-001807,444,444,unclosed_code_fence,no_code_fence_used_raw_text,
qwen2.5-coder:7b,no_review,crn-004177,1727,1727,unclosed_code_fence,no_code_fence_used_raw_text,
qwen2.5-coder:7b,no_review,crn-004181,135,135,unclosed_code_fence,no_code_fence_used_raw_text,
qwen2.5-coder:7b,no_review,crn-009238,22,12,very_short_extracted_code,extracted_from_code_fence,
qwen2.5-coder:7b,no_review,crn-012722,185,185,unclosed_code_fence,no_code_fence_used_raw_text,
qwen2.5-coder:7b,no_review,crn-003992,426,426,unclosed_code_fence,no_code_fence_used_raw_text,
qwen2.5-coder:7b,no_review,crn-002350,342,326,unclosed_code_fence,extracted_from_code_fence,
qwen2.5-coder:7b,no_review,crn-014770,387,370,unclosed_code_fence,extracted_from_code_fence,
qwen2.5-coder:7b,no_review,crn-011997,1846,1846,unclosed_code_fence;near_num_predict_char_risk,no_code_fence_used_raw_text,
qwen2.5-coder:7b,no_review,crn-013150,1329,1329,unclosed_code_fence,no_code_fence_used_raw_text,
qwen2.5-coder:7b,no_review,crn-008848,848,848,unclosed_code_fence,no_code_fence_used_raw_text,
qwen2.5-coder:7b,no_review,crn-000309,828,828,unclosed_code_fence,no_code_fence_used_raw_text,
qwen2.5-coder:7b,no_review,crn-007967,413,252,unclosed_code_fence,extracted_from_code_fence,
qwen2.5-coder:7b,no_review,crn-005894,22,12,very_short_extracted_code,extracted_from_code_fence,
qwen2.5-coder:7b,no_review,crn-011482,425,411,unclosed_code_fence,extracted_from_code_fence,
qwen2.5-coder:7b,no_review,crn-001517,288,270,unclosed_code_fence,extracted_from_code_fence,
qwen2.5-coder:7b,no_review,crn-013151,1329,1329,unclosed_code_fence,no_code_fence_used_raw_text,
qwen2.5-coder:7b,no_review,crn-014646,340,108,unclosed_code_fence,extracted_from_code_fence,
qwen2.5-coder:7b,no_review,crn-010891,294,294,unclosed_code_fence,no_code_fence_used_raw_text,
qwen2.5-coder:7b,no_review,crn-001693,208,174,unclosed_code_fence,extracted_from_code_fence,
qwen2.5-coder:7b,no_review,crn-002663,360,329,unclosed_code_fence,extracted_from_code_fence,
qwen2.5-coder:7b,direct,crn-001834,318,318,unclosed_code_fence,no_code_fence_used_raw_text,
qwen2.5-coder:7b,direct,crn-006057,709,709,unclosed_code_fence,no_code_fence_used_raw_text,
qwen2.5-coder:7b,direct,crn-013404,510,68,unclosed_code_fence,extracted_from_code_fence,
qwen2.5-coder:7b,direct,crn-003817,71,71,unclosed_code_fence,no_code_fence_used_raw_text,
qwen2.5-coder:7b,direct,crn-001159,530,60,unclosed_code_fence,extracted_from_code_fence,
qwen2.5-coder:7b,direct,crn-007011,1834,1824,near_num_predict_char_risk,extracted_from_code_fence,
qwen2.5-coder:7b,direct,crn-001518,298,280,unclosed_code_fence,extracted_from_code_fence,
qwen2.5-coder:7b,direct,crn-001217,384,250,unclosed_code_fence,multiple_code_fences_used_longest,
qwen2.5-coder:7b,direct,crn-002282,268,232,unclosed_code_fence,extracted_from_code_fence,
qwen2.5-coder:7b,direct,crn-006105,1462,1461,unclosed_code_fence,no_code_fence_used_raw_text,
qwen2.5-coder:7b,direct,crn-014606,429,429,unclosed_code_fence,no_code_fence_used_raw_text,
qwen2.5-coder:7b,direct,crn-002283,269,233,unclosed_code_fence,extracted_from_code_fence,
qwen2.5-coder:7b,direct,crn-011116,107,107,unclosed_code_fence,no_code_fence_used_raw_text,
qwen2.5-coder:7b,direct,crn-013319,1097,1097,unclosed_code_fence,no_code_fence_used_raw_text,
qwen2.5-coder:7b,direct,crn-006104,1462,1461,unclosed_code_fence,no_code_fence_used_raw_text,
qwen2.5-coder:7b,direct,crn-004177,1730,1730,unclosed_code_fence,no_code_fence_used_raw_text,
qwen2.5-coder:7b,direct,crn-004181,199,199,unclosed_code_fence,no_code_fence_used_raw_text,
qwen2.5-coder:7b,direct,crn-004620,260,260,unclosed_code_fence,no_code_fence_used_raw_text,
qwen2.5-coder:7b,direct,crn-000482,162,162,unclosed_code_fence,no_code_fence_used_raw_text,
qwen2.5-coder:7b,direct,crn-001780,25,12,very_short_extracted_code,extracted_from_code_fence,
qwen2.5-coder:7b,direct,crn-002350,384,368,unclosed_code_fence,extracted_from_code_fence,
qwen2.5-coder:7b,direct,crn-013150,1299,1299,unclosed_code_fence,no_code_fence_used_raw_text,
qwen2.5-coder:7b,direct,crn-008848,831,831,unclosed_code_fence,no_code_fence_used_raw_text,
qwen2.5-coder:7b,direct,crn-001168,214,57,unclosed_code_fence,extracted_from_code_fence,
qwen2.5-coder:7b,direct,crn-000309,565,565,unclosed_code_fence,no_code_fence_used_raw_text,
qwen2.5-coder:7b,direct,crn-014181,227,227,unclosed_code_fence,no_code_fence_used_raw_text,
qwen2.5-coder:7b,direct,crn-001517,301,283,unclosed_code_fence,extracted_from_code_fence,
qwen2.5-coder:7b,direct,crn-013151,1299,1299,unclosed_code_fence,no_code_fence_used_raw_text,
qwen2.5-coder:7b,direct,crn-012819,372,356,unclosed_code_fence,extracted_from_code_fence,
qwen2.5-coder:7b,direct,crn-010891,301,301,unclosed_code_fence,no_code_fence_used_raw_text,
qwen2.5-coder:7b,direct,crn-001693,243,204,unclosed_code_fence,extracted_from_code_fence,
qwen2.5-coder:7b,direct,crn-002429,315,315,unclosed_code_fence,no_code_fence_used_raw_text,
qwen2.5-coder:7b,direct,crn-002663,341,310,unclosed_code_fence,extracted_from_code_fence,
qwen2.5-coder:7b,gold_location,crn-002590,26,17,very_short_extracted_code,extracted_from_code_fence,
qwen2.5-coder:7b,gold_location,crn-006057,709,709,unclosed_code_fence,no_code_fence_used_raw_text,
qwen2.5-coder:7b,gold_location,crn-000130,77,77,unclosed_code_fence,no_code_fence_used_raw_text,
qwen2.5-coder:7b,gold_location,crn-001159,529,60,unclosed_code_fence,extracted_from_code_fence,
qwen2.5-coder:7b,gold_location,crn-011920,48,34,very_short_extracted_code,extracted_from_code_fence,
qwen2.5-coder:7b,gold_location,crn-007011,1843,1833,near_num_predict_char_risk,extracted_from_code_fence,
qwen2.5-coder:7b,gold_location,crn-001518,293,275,unclosed_code_fence,extracted_from_code_fence,
qwen2.5-coder:7b,gold_location,crn-001217,526,244,unclosed_code_fence,multiple_code_fences_used_longest,
qwen2.5-coder:7b,gold_location,crn-002282,262,226,unclosed_code_fence,extracted_from_code_fence,
qwen2.5-coder:7b,gold_location,crn-012787,27,18,very_short_extracted_code,extracted_from_code_fence,
qwen2.5-coder:7b,gold_location,crn-014606,429,429,unclosed_code_fence,no_code_fence_used_raw_text,
qwen2.5-coder:7b,gold_location,crn-002283,268,232,unclosed_code_fence,extracted_from_code_fence,
qwen2.5-coder:7b,gold_location,crn-014519,1020,1020,unclosed_code_fence,no_code_fence_used_raw_text,
qwen2.5-coder:7b,gold_location,crn-013319,1128,1128,unclosed_code_fence,no_code_fence_used_raw_text,
qwen2.5-coder:7b,gold_location,crn-001561,33,19,very_short_extracted_code,extracted_from_code_fence,
qwen2.5-coder:7b,gold_location,crn-004620,260,260,unclosed_code_fence,no_code_fence_used_raw_text,
qwen2.5-coder:7b,gold_location,crn-005304,1823,1436,unclosed_code_fence;near_num_predict_char_risk,removed_wrapper_text_or_gold_markers,
qwen2.5-coder:7b,gold_location,crn-002350,382,366,unclosed_code_fence,extracted_from_code_fence,
qwen2.5-coder:7b,gold_location,crn-005253,202,133,unclosed_code_fence,removed_wrapper_text_or_gold_markers,
qwen2.5-coder:7b,gold_location,crn-003329,34,21,very_short_extracted_code,extracted_from_code_fence,
qwen2.5-coder:7b,gold_location,crn-013150,904,904,unclosed_code_fence,no_code_fence_used_raw_text,
qwen2.5-coder:7b,gold_location,crn-008848,831,830,unclosed_code_fence,no_code_fence_used_raw_text,
qwen2.5-coder:7b,gold_location,crn-001168,236,57,unclosed_code_fence,extracted_from_code_fence,
qwen2.5-coder:7b,gold_location,crn-000309,565,565,unclosed_code_fence,no_code_fence_used_raw_text,
qwen2.5-coder:7b,gold_location,crn-000212,244,226,unclosed_code_fence,extracted_from_code_fence,
qwen2.5-coder:7b,gold_location,crn-001517,299,281,unclosed_code_fence,extracted_from_code_fence,
qwen2.5-coder:7b,gold_location,crn-013249,360,342,unclosed_code_fence,extracted_from_code_fence,
qwen2.5-coder:7b,gold_location,crn-004619,260,260,unclosed_code_fence,no_code_fence_used_raw_text,
qwen2.5-coder:7b,gold_location,crn-001937,302,302,unclosed_code_fence,no_code_fence_used_raw_text,
qwen2.5-coder:7b,gold_location,crn-013151,904,904,unclosed_code_fence,no_code_fence_used_raw_text,
qwen2.5-coder:7b,gold_location,crn-012819,300,284,unclosed_code_fence,extracted_from_code_fence,
qwen2.5-coder:7b,gold_location,crn-010139,492,492,unclosed_code_fence,no_code_fence_used_raw_text,
qwen2.5-coder:7b,gold_location,crn-004730,2173,2172,unclosed_code_fence;near_num_predict_char_risk,no_code_fence_used_raw_text,
qwen2.5-coder:7b,gold_location,crn-010891,416,416,unclosed_code_fence,no_code_fence_used_raw_text,
qwen2.5-coder:7b,gold_location,crn-010470,1954,1944,near_num_predict_char_risk,extracted_from_code_fence,
qwen2.5-coder:7b,gold_location,crn-001693,244,205,unclosed_code_fence,extracted_from_code_fence,
qwen2.5-coder:7b,gold_location,crn-009061,1572,1572,unclosed_code_fence,no_code_fence_used_raw_text,
qwen2.5-coder:7b,gold_location,crn-002663,647,547,unclosed_code_fence,extracted_from_code_fence,
deepseek-coder:6.7b,no_review,crn-007371,671,671,unclosed_code_fence,no_code_fence_used_raw_text,
deepseek-coder:6.7b,no_review,crn-005338,2060,489,near_num_predict_char_risk,extracted_from_code_fence,
deepseek-coder:6.7b,no_review,crn-012630,809,809,unclosed_code_fence,no_code_fence_used_raw_text,
deepseek-coder:6.7b,no_review,crn-014766,1940,1934,unclosed_code_fence;near_num_predict_char_risk,no_code_fence_used_raw_text,
deepseek-coder:6.7b,no_review,crn-009404,1760,1760,unclosed_code_fence,no_code_fence_used_raw_text,
deepseek-coder:6.7b,no_review,crn-012612,667,667,unclosed_code_fence,no_code_fence_used_raw_text,
deepseek-coder:6.7b,no_review,crn-013728,1603,1603,unclosed_code_fence,no_code_fence_used_raw_text,
deepseek-coder:6.7b,no_review,crn-012006,546,546,unclosed_code_fence,no_code_fence_used_raw_text,
deepseek-coder:6.7b,no_review,crn-000505,2019,1283,near_num_predict_char_risk,extracted_from_code_fence,
deepseek-coder:6.7b,no_review,crn-013991,371,371,unclosed_code_fence,no_code_fence_used_raw_text,
deepseek-coder:6.7b,no_review,crn-005843,1796,917,near_num_predict_char_risk,extracted_from_code_fence,
deepseek-coder:6.7b,no_review,crn-010534,791,791,unclosed_code_fence,no_code_fence_used_raw_text,
deepseek-coder:6.7b,no_review,crn-009164,1935,1935,unclosed_code_fence;near_num_predict_char_risk,no_code_fence_used_raw_text,
deepseek-coder:6.7b,no_review,crn-010103,935,612,unclosed_code_fence,multiple_code_fences_used_longest,
deepseek-coder:6.7b,no_review,crn-004195,2010,2010,unclosed_code_fence;near_num_predict_char_risk,no_code_fence_used_raw_text,
deepseek-coder:6.7b,no_review,crn-012297,2023,2023,unclosed_code_fence;near_num_predict_char_risk,no_code_fence_used_raw_text,
deepseek-coder:6.7b,no_review,crn-008931,1830,1830,unclosed_code_fence;near_num_predict_char_risk,no_code_fence_used_raw_text,
deepseek-coder:6.7b,no_review,crn-005542,1826,1822,unclosed_code_fence;near_num_predict_char_risk,no_code_fence_used_raw_text,
deepseek-coder:6.7b,no_review,crn-000517,1936,1935,near_num_predict_char_risk,no_code_fence_used_raw_text,
deepseek-coder:6.7b,no_review,crn-000431,1905,287,near_num_predict_char_risk,extracted_from_code_fence,
deepseek-coder:6.7b,no_review,crn-004182,1831,686,near_num_predict_char_risk,extracted_from_code_fence,
deepseek-coder:6.7b,no_review,crn-012653,1863,1862,unclosed_code_fence;near_num_predict_char_risk,no_code_fence_used_raw_text,
deepseek-coder:6.7b,no_review,crn-006057,1026,1026,unclosed_code_fence,no_code_fence_used_raw_text,
deepseek-coder:6.7b,no_review,crn-007346,1978,1426,near_num_predict_char_risk,extracted_from_code_fence,
deepseek-coder:6.7b,no_review,crn-007977,348,347,unclosed_code_fence,no_code_fence_used_raw_text,
deepseek-coder:6.7b,no_review,crn-009220,2052,2052,unclosed_code_fence;near_num_predict_char_risk,no_code_fence_used_raw_text,
deepseek-coder:6.7b,no_review,crn-013613,1984,605,near_num_predict_char_risk,extracted_from_code_fence,
deepseek-coder:6.7b,no_review,crn-010493,2035,269,near_num_predict_char_risk,extracted_from_code_fence,
deepseek-coder:6.7b,no_review,crn-013022,817,817,unclosed_code_fence,no_code_fence_used_raw_text,
deepseek-coder:6.7b,no_review,crn-012547,1878,602,near_num_predict_char_risk,extracted_from_code_fence,
deepseek-coder:6.7b,no_review,crn-002828,1795,1795,unclosed_code_fence;near_num_predict_char_risk,no_code_fence_used_raw_text,
deepseek-coder:6.7b,no_review,crn-007754,1519,1519,unclosed_code_fence,no_code_fence_used_raw_text,
deepseek-coder:6.7b,no_review,crn-008455,2037,2036,near_num_predict_char_risk,no_code_fence_used_raw_text,
deepseek-coder:6.7b,no_review,crn-001087,1828,373,near_num_predict_char_risk,extracted_from_code_fence,
deepseek-coder:6.7b,no_review,crn-007011,1576,1576,unclosed_code_fence,no_code_fence_used_raw_text,
deepseek-coder:6.7b,no_review,crn-010908,1846,1845,near_num_predict_char_risk,no_code_fence_used_raw_text,
deepseek-coder:6.7b,no_review,crn-005981,549,549,unclosed_code_fence,no_code_fence_used_raw_text,
deepseek-coder:6.7b,no_review,crn-003145,1969,718,near_num_predict_char_risk,extracted_from_code_fence,
deepseek-coder:6.7b,no_review,crn-014943,1802,792,near_num_predict_char_risk,extracted_from_code_fence,
deepseek-coder:6.7b,no_review,crn-008435,1867,1384,near_num_predict_char_risk,extracted_from_code_fence,
deepseek-coder:6.7b,no_review,crn-006950,1796,546,near_num_predict_char_risk,extracted_from_code_fence,
deepseek-coder:6.7b,no_review,crn-001518,755,272,unclosed_code_fence,multiple_code_fences_used_longest,
deepseek-coder:6.7b,no_review,crn-011723,1804,568,near_num_predict_char_risk,extracted_from_code_fence,
deepseek-coder:6.7b,no_review,crn-001840,1940,844,near_num_predict_char_risk,extracted_from_code_fence,
deepseek-coder:6.7b,no_review,crn-005756,1879,1041,near_num_predict_char_risk,extracted_from_code_fence,
deepseek-coder:6.7b,no_review,crn-009084,1759,1759,unclosed_code_fence,no_code_fence_used_raw_text,
deepseek-coder:6.7b,no_review,crn-001702,2049,2032,unclosed_code_fence;near_num_predict_char_risk,no_code_fence_used_raw_text,
deepseek-coder:6.7b,no_review,crn-001263,1854,1020,near_num_predict_char_risk,extracted_from_code_fence,
deepseek-coder:6.7b,no_review,crn-009391,1803,599,near_num_predict_char_risk,extracted_from_code_fence,
deepseek-coder:6.7b,no_review,crn-007857,1823,1542,near_num_predict_char_risk,extracted_from_code_fence,
deepseek-coder:6.7b,no_review,crn-012669,956,956,unclosed_code_fence,no_code_fence_used_raw_text,
deepseek-coder:6.7b,no_review,crn-009178,2212,2212,unclosed_code_fence;near_num_predict_char_risk,no_code_fence_used_raw_text,
deepseek-coder:6.7b,no_review,crn-009822,2053,517,near_num_predict_char_risk,extracted_from_code_fence,
deepseek-coder:6.7b,no_review,crn-009235,1929,685,near_num_predict_char_risk,extracted_from_code_fence,
deepseek-coder:6.7b,no_review,crn-012037,690,690,unclosed_code_fence,no_code_fence_used_raw_text,
deepseek-coder:6.7b,no_review,crn-014674,1920,1376,near_num_predict_char_risk,extracted_from_code_fence,
deepseek-coder:6.7b,no_review,crn-014497,1017,1017,unclosed_code_fence,no_code_fence_used_raw_text,
deepseek-coder:6.7b,no_review,crn-011674,2022,943,near_num_predict_char_risk,extracted_from_code_fence,
deepseek-coder:6.7b,no_review,crn-012656,1687,615,unclosed_code_fence,extracted_from_code_fence,
deepseek-coder:6.7b,no_review,crn-009504,623,623,unclosed_code_fence,no_code_fence_used_raw_text,
deepseek-coder:6.7b,no_review,crn-009768,649,649,unclosed_code_fence,no_code_fence_used_raw_text,
deepseek-coder:6.7b,no_review,crn-002011,1853,1853,unclosed_code_fence;near_num_predict_char_risk,no_code_fence_used_raw_text,
deepseek-coder:6.7b,no_review,crn-013235,1821,1078,near_num_predict_char_risk,extracted_from_code_fence,
deepseek-coder:6.7b,no_review,crn-001378,1892,449,near_num_predict_char_risk,extracted_from_code_fence,
deepseek-coder:6.7b,no_review,crn-007597,2023,1406,near_num_predict_char_risk,extracted_from_code_fence,
deepseek-coder:6.7b,no_review,crn-014593,1811,766,near_num_predict_char_risk,extracted_from_code_fence,
deepseek-coder:6.7b,no_review,crn-009218,1803,1248,near_num_predict_char_risk,extracted_from_code_fence,
deepseek-coder:6.7b,no_review,crn-006105,1292,1292,unclosed_code_fence,no_code_fence_used_raw_text,
deepseek-coder:6.7b,no_review,crn-004744,1666,1666,unclosed_code_fence,no_code_fence_used_raw_text,
deepseek-coder:6.7b,no_review,crn-004737,2147,2147,unclosed_code_fence;near_num_predict_char_risk,no_code_fence_used_raw_text,
deepseek-coder:6.7b,no_review,crn-006843,1835,713,near_num_predict_char_risk,extracted_from_code_fence,
deepseek-coder:6.7b,no_review,crn-002381,1882,356,near_num_predict_char_risk,extracted_from_code_fence,
deepseek-coder:6.7b,no_review,crn-012096,2108,473,near_num_predict_char_risk,extracted_from_code_fence,
deepseek-coder:6.7b,no_review,crn-014606,573,573,unclosed_code_fence,no_code_fence_used_raw_text,
deepseek-coder:6.7b,no_review,crn-005869,2241,2241,near_num_predict_char_risk,no_code_fence_used_raw_text,
deepseek-coder:6.7b,no_review,crn-014298,1881,301,near_num_predict_char_risk,extracted_from_code_fence,
deepseek-coder:6.7b,no_review,crn-004474,1320,1320,unclosed_code_fence,no_code_fence_used_raw_text,
deepseek-coder:6.7b,no_review,crn-000005,1947,1395,near_num_predict_char_risk,extracted_from_code_fence,
deepseek-coder:6.7b,no_review,crn-004965,1900,1900,unclosed_code_fence;near_num_predict_char_risk,no_code_fence_used_raw_text,
deepseek-coder:6.7b,no_review,crn-014632,2148,2148,unclosed_code_fence;near_num_predict_char_risk,no_code_fence_used_raw_text,
deepseek-coder:6.7b,no_review,crn-002689,779,779,unclosed_code_fence,no_code_fence_used_raw_text,
deepseek-coder:6.7b,no_review,crn-008372,959,959,unclosed_code_fence,no_code_fence_used_raw_text,
deepseek-coder:6.7b,no_review,crn-000497,1897,1276,near_num_predict_char_risk,extracted_from_code_fence,
deepseek-coder:6.7b,no_review,crn-010550,1890,1251,near_num_predict_char_risk,extracted_from_code_fence,
deepseek-coder:6.7b,no_review,crn-001851,1674,1658,unclosed_code_fence,no_code_fence_used_raw_text,
deepseek-coder:6.7b,no_review,crn-008928,1919,1092,near_num_predict_char_risk,extracted_from_code_fence,
deepseek-coder:6.7b,no_review,crn-013757,2160,2160,unclosed_code_fence;near_num_predict_char_risk,no_code_fence_used_raw_text,
deepseek-coder:6.7b,no_review,crn-005417,1876,353,near_num_predict_char_risk,extracted_from_code_fence,
deepseek-coder:6.7b,no_review,crn-006783,1708,1707,unclosed_code_fence,no_code_fence_used_raw_text,
deepseek-coder:6.7b,no_review,crn-005427,1842,1145,near_num_predict_char_risk,extracted_from_code_fence,
deepseek-coder:6.7b,no_review,crn-014699,2003,907,near_num_predict_char_risk,multiple_code_fences_used_longest,
deepseek-coder:6.7b,no_review,crn-010476,1762,1762,unclosed_code_fence,no_code_fence_used_raw_text,
deepseek-coder:6.7b,no_review,crn-012839,1516,1516,unclosed_code_fence,no_code_fence_used_raw_text,
deepseek-coder:6.7b,no_review,crn-001880,846,846,unclosed_code_fence,no_code_fence_used_raw_text,
deepseek-coder:6.7b,no_review,crn-001631,799,797,unclosed_code_fence,no_code_fence_used_raw_text,
deepseek-coder:6.7b,no_review,crn-010683,1836,435,near_num_predict_char_risk,extracted_from_code_fence,
deepseek-coder:6.7b,no_review,crn-002883,629,629,unclosed_code_fence,no_code_fence_used_raw_text,
deepseek-coder:6.7b,no_review,crn-013372,1803,316,near_num_predict_char_risk,extracted_from_code_fence,
deepseek-coder:6.7b,no_review,crn-005544,1710,1708,unclosed_code_fence,no_code_fence_used_raw_text,
deepseek-coder:6.7b,no_review,crn-004346,1858,462,near_num_predict_char_risk,extracted_from_code_fence,
deepseek-coder:6.7b,no_review,crn-002026,1827,1819,unclosed_code_fence;near_num_predict_char_risk,no_code_fence_used_raw_text,
deepseek-coder:6.7b,no_review,crn-007930,1971,550,near_num_predict_char_risk,extracted_from_code_fence,
deepseek-coder:6.7b,no_review,crn-000813,2105,454,near_num_predict_char_risk,extracted_from_code_fence,
deepseek-coder:6.7b,no_review,crn-002027,1879,1879,near_num_predict_char_risk,no_code_fence_used_raw_text,
deepseek-coder:6.7b,no_review,crn-005982,552,552,unclosed_code_fence,no_code_fence_used_raw_text,
deepseek-coder:6.7b,no_review,crn-011333,1920,1919,near_num_predict_char_risk,no_code_fence_used_raw_text,
deepseek-coder:6.7b,no_review,crn-010379,1820,441,near_num_predict_char_risk,extracted_from_code_fence,
deepseek-coder:6.7b,no_review,crn-000955,1083,1083,unclosed_code_fence,no_code_fence_used_raw_text,
deepseek-coder:6.7b,no_review,crn-007468,728,728,unclosed_code_fence,no_code_fence_used_raw_text,
deepseek-coder:6.7b,no_review,crn-010324,733,733,unclosed_code_fence,no_code_fence_used_raw_text,
deepseek-coder:6.7b,no_review,crn-011121,1891,1891,unclosed_code_fence;near_num_predict_char_risk,no_code_fence_used_raw_text,
deepseek-coder:6.7b,no_review,crn-005064,1769,238,unclosed_code_fence,multiple_code_fences_used_longest,
deepseek-coder:6.7b,no_review,crn-012645,1923,1421,near_num_predict_char_risk,extracted_from_code_fence,
deepseek-coder:6.7b,no_review,crn-003182,1859,334,near_num_predict_char_risk,extracted_from_code_fence,
deepseek-coder:6.7b,no_review,crn-014686,1890,1286,near_num_predict_char_risk,extracted_from_code_fence,
deepseek-coder:6.7b,no_review,crn-006104,1292,1292,unclosed_code_fence,no_code_fence_used_raw_text,
deepseek-coder:6.7b,no_review,crn-010435,1849,259,near_num_predict_char_risk,extracted_from_code_fence,
deepseek-coder:6.7b,no_review,crn-007831,1262,1262,unclosed_code_fence,no_code_fence_used_raw_text,
deepseek-coder:6.7b,no_review,crn-002308,1248,579,unclosed_code_fence,extracted_from_code_fence,
deepseek-coder:6.7b,no_review,crn-006624,728,728,unclosed_code_fence,no_code_fence_used_raw_text,
deepseek-coder:6.7b,no_review,crn-007392,552,552,unclosed_code_fence,no_code_fence_used_raw_text,
deepseek-coder:6.7b,no_review,crn-013252,1997,1232,near_num_predict_char_risk,extracted_from_code_fence,
deepseek-coder:6.7b,no_review,crn-012761,1897,533,near_num_predict_char_risk,extracted_from_code_fence,
deepseek-coder:6.7b,no_review,crn-014423,1941,1188,near_num_predict_char_risk,extracted_from_code_fence,
deepseek-coder:6.7b,no_review,crn-006918,1848,712,near_num_predict_char_risk,extracted_from_code_fence,
deepseek-coder:6.7b,no_review,crn-009128,564,564,unclosed_code_fence,no_code_fence_used_raw_text,
deepseek-coder:6.7b,no_review,crn-012336,1758,1758,unclosed_code_fence,no_code_fence_used_raw_text,
deepseek-coder:6.7b,no_review,crn-008803,1818,1122,near_num_predict_char_risk,extracted_from_code_fence,
deepseek-coder:6.7b,no_review,crn-011301,1826,678,near_num_predict_char_risk,extracted_from_code_fence,
deepseek-coder:6.7b,no_review,crn-011375,1803,1803,unclosed_code_fence;near_num_predict_char_risk,no_code_fence_used_raw_text,
deepseek-coder:6.7b,no_review,crn-012024,2080,604,near_num_predict_char_risk,extracted_from_code_fence,
deepseek-coder:6.7b,no_review,crn-012114,596,596,unclosed_code_fence,no_code_fence_used_raw_text,
deepseek-coder:6.7b,no_review,crn-006672,697,697,unclosed_code_fence,no_code_fence_used_raw_text,
deepseek-coder:6.7b,no_review,crn-002193,1894,1894,unclosed_code_fence;near_num_predict_char_risk,no_code_fence_used_raw_text,
deepseek-coder:6.7b,no_review,crn-008638,1838,1838,unclosed_code_fence;near_num_predict_char_risk,no_code_fence_used_raw_text,
deepseek-coder:6.7b,no_review,crn-007339,448,448,unclosed_code_fence,no_code_fence_used_raw_text,
deepseek-coder:6.7b,no_review,crn-008932,1923,1421,near_num_predict_char_risk,extracted_from_code_fence,
deepseek-coder:6.7b,no_review,crn-008374,1025,1025,unclosed_code_fence,no_code_fence_used_raw_text,
deepseek-coder:6.7b,no_review,crn-007277,1847,700,near_num_predict_char_risk,multiple_code_fences_used_longest,
deepseek-coder:6.7b,no_review,crn-011827,697,697,unclosed_code_fence,no_code_fence_used_raw_text,
deepseek-coder:6.7b,no_review,crn-003401,1805,822,near_num_predict_char_risk,extracted_from_code_fence,
deepseek-coder:6.7b,no_review,crn-013909,557,557,unclosed_code_fence,no_code_fence_used_raw_text,
deepseek-coder:6.7b,no_review,crn-011518,419,419,unclosed_code_fence,no_code_fence_used_raw_text,
deepseek-coder:6.7b,no_review,crn-007049,1816,1173,near_num_predict_char_risk,extracted_from_code_fence,
deepseek-coder:6.7b,no_review,crn-011064,2012,1196,near_num_predict_char_risk,extracted_from_code_fence,
deepseek-coder:6.7b,no_review,crn-002104,1972,1208,near_num_predict_char_risk,extracted_from_code_fence,
deepseek-coder:6.7b,no_review,crn-012398,1906,910,near_num_predict_char_risk,extracted_from_code_fence,
deepseek-coder:6.7b,no_review,crn-014472,1943,1943,near_num_predict_char_risk,no_code_fence_used_raw_text,
deepseek-coder:6.7b,no_review,crn-014618,2019,2019,unclosed_code_fence;near_num_predict_char_risk,no_code_fence_used_raw_text,
deepseek-coder:6.7b,no_review,crn-007350,596,596,unclosed_code_fence,no_code_fence_used_raw_text,
deepseek-coder:6.7b,no_review,crn-009072,1208,1208,unclosed_code_fence,no_code_fence_used_raw_text,
deepseek-coder:6.7b,no_review,crn-000602,1866,1866,unclosed_code_fence;near_num_predict_char_risk,no_code_fence_used_raw_text,
deepseek-coder:6.7b,no_review,crn-012935,1867,702,near_num_predict_char_risk,extracted_from_code_fence,
deepseek-coder:6.7b,no_review,crn-005348,1014,1014,unclosed_code_fence,no_code_fence_used_raw_text,
deepseek-coder:6.7b,no_review,crn-014111,740,740,unclosed_code_fence,no_code_fence_used_raw_text,
deepseek-coder:6.7b,no_review,crn-008441,1802,253,near_num_predict_char_risk,extracted_from_code_fence,
deepseek-coder:6.7b,no_review,crn-000429,2034,1014,near_num_predict_char_risk,extracted_from_code_fence,
deepseek-coder:6.7b,no_review,crn-006055,491,491,unclosed_code_fence,no_code_fence_used_raw_text,
deepseek-coder:6.7b,no_review,crn-002365,2074,755,near_num_predict_char_risk,extracted_from_code_fence,
deepseek-coder:6.7b,no_review,crn-012191,1905,487,near_num_predict_char_risk,extracted_from_code_fence,
deepseek-coder:6.7b,no_review,crn-007228,1973,548,near_num_predict_char_risk,extracted_from_code_fence,
deepseek-coder:6.7b,no_review,crn-007219,462,462,unclosed_code_fence,no_code_fence_used_raw_text,
deepseek-coder:6.7b,no_review,crn-008825,415,415,unclosed_code_fence,no_code_fence_used_raw_text,
deepseek-coder:6.7b,no_review,crn-009938,1846,1369,near_num_predict_char_risk,extracted_from_code_fence,
deepseek-coder:6.7b,no_review,crn-009388,1905,844,near_num_predict_char_risk,extracted_from_code_fence,
deepseek-coder:6.7b,no_review,crn-011142,1662,1662,unclosed_code_fence,no_code_fence_used_raw_text,
deepseek-coder:6.7b,no_review,crn-011641,562,562,unclosed_code_fence,no_code_fence_used_raw_text,
deepseek-coder:6.7b,no_review,crn-005424,709,709,unclosed_code_fence,no_code_fence_used_raw_text,
deepseek-coder:6.7b,no_review,crn-009382,1838,279,near_num_predict_char_risk,extracted_from_code_fence,
deepseek-coder:6.7b,no_review,crn-001181,1536,1535,unclosed_code_fence,no_code_fence_used_raw_text,
deepseek-coder:6.7b,no_review,crn-004235,1932,619,near_num_predict_char_risk,extracted_from_code_fence,
deepseek-coder:6.7b,no_review,crn-013432,1805,1331,near_num_predict_char_risk,extracted_from_code_fence,
deepseek-coder:6.7b,no_review,crn-013335,1872,1444,near_num_predict_char_risk,extracted_from_code_fence,
deepseek-coder:6.7b,no_review,crn-011856,2048,498,near_num_predict_char_risk,extracted_from_code_fence,
deepseek-coder:6.7b,no_review,crn-007987,1891,1891,unclosed_code_fence;near_num_predict_char_risk,no_code_fence_used_raw_text,
deepseek-coder:6.7b,no_review,crn-003413,2180,2179,unclosed_code_fence;near_num_predict_char_risk,no_code_fence_used_raw_text,
deepseek-coder:6.7b,no_review,crn-009207,638,638,unclosed_code_fence,no_code_fence_used_raw_text,
deepseek-coder:6.7b,no_review,crn-005492,1901,921,near_num_predict_char_risk,extracted_from_code_fence,
deepseek-coder:6.7b,no_review,crn-010287,1573,1572,unclosed_code_fence,no_code_fence_used_raw_text,
deepseek-coder:6.7b,no_review,crn-008996,956,956,unclosed_code_fence,no_code_fence_used_raw_text,
deepseek-coder:6.7b,no_review,crn-008930,1839,1839,unclosed_code_fence;near_num_predict_char_risk,no_code_fence_used_raw_text,
deepseek-coder:6.7b,no_review,crn-009880,632,432,unclosed_code_fence,extracted_from_code_fence,
deepseek-coder:6.7b,no_review,crn-010839,646,646,unclosed_code_fence,no_code_fence_used_raw_text,
deepseek-coder:6.7b,no_review,crn-008634,1837,1837,unclosed_code_fence;near_num_predict_char_risk,no_code_fence_used_raw_text,
deepseek-coder:6.7b,no_review,crn-009079,415,415,unclosed_code_fence,no_code_fence_used_raw_text,
deepseek-coder:6.7b,no_review,crn-008685,683,683,unclosed_code_fence,no_code_fence_used_raw_text,
deepseek-coder:6.7b,no_review,crn-010280,2048,2048,unclosed_code_fence;near_num_predict_char_risk,no_code_fence_used_raw_text,
deepseek-coder:6.7b,no_review,crn-002034,811,811,unclosed_code_fence,no_code_fence_used_raw_text,
deepseek-coder:6.7b,no_review,crn-001668,328,328,unclosed_code_fence,no_code_fence_used_raw_text,
deepseek-coder:6.7b,no_review,crn-009481,1484,1483,unclosed_code_fence,no_code_fence_used_raw_text,
deepseek-coder:6.7b,no_review,crn-010911,1057,1057,unclosed_code_fence,no_code_fence_used_raw_text,
deepseek-coder:6.7b,no_review,crn-003393,1938,737,near_num_predict_char_risk,extracted_from_code_fence,
deepseek-coder:6.7b,no_review,crn-006889,671,671,unclosed_code_fence,no_code_fence_used_raw_text,
deepseek-coder:6.7b,no_review,crn-000875,2018,2018,unclosed_code_fence;near_num_predict_char_risk,no_code_fence_used_raw_text,
deepseek-coder:6.7b,no_review,crn-014942,1820,792,near_num_predict_char_risk,extracted_from_code_fence,
deepseek-coder:6.7b,no_review,crn-001422,1904,581,near_num_predict_char_risk,extracted_from_code_fence,
deepseek-coder:6.7b,no_review,crn-012470,1819,1298,near_num_predict_char_risk,extracted_from_code_fence,
deepseek-coder:6.7b,no_review,crn-009395,2043,2043,near_num_predict_char_risk,no_code_fence_used_raw_text,
deepseek-coder:6.7b,no_review,crn-005262,595,595,unclosed_code_fence,no_code_fence_used_raw_text,
deepseek-coder:6.7b,no_review,crn-002278,1800,1800,unclosed_code_fence;near_num_predict_char_risk,no_code_fence_used_raw_text,
deepseek-coder:6.7b,no_review,crn-005835,2016,789,near_num_predict_char_risk,extracted_from_code_fence,
deepseek-coder:6.7b,no_review,crn-007675,2035,573,near_num_predict_char_risk,extracted_from_code_fence,
deepseek-coder:6.7b,no_review,crn-003675,1817,1320,near_num_predict_char_risk,extracted_from_code_fence,
deepseek-coder:6.7b,no_review,crn-009586,1593,1593,unclosed_code_fence,no_code_fence_used_raw_text,
deepseek-coder:6.7b,no_review,crn-001383,1959,1054,near_num_predict_char_risk,extracted_from_code_fence,
deepseek-coder:6.7b,no_review,crn-009479,1516,1516,unclosed_code_fence,no_code_fence_used_raw_text,
deepseek-coder:6.7b,no_review,crn-004311,1923,1406,near_num_predict_char_risk,extracted_from_code_fence,
deepseek-coder:6.7b,no_review,crn-011508,1188,1188,unclosed_code_fence,no_code_fence_used_raw_text,
deepseek-coder:6.7b,no_review,crn-005809,1985,561,near_num_predict_char_risk,extracted_from_code_fence,
deepseek-coder:6.7b,no_review,crn-003501,2011,2011,unclosed_code_fence;near_num_predict_char_risk,no_code_fence_used_raw_text,
deepseek-coder:6.7b,no_review,crn-001863,1831,407,near_num_predict_char_risk,extracted_from_code_fence,
deepseek-coder:6.7b,no_review,crn-004548,2029,428,near_num_predict_char_risk,extracted_from_code_fence,
deepseek-coder:6.7b,no_review,crn-008172,648,648,unclosed_code_fence,no_code_fence_used_raw_text,
deepseek-coder:6.7b,no_review,crn-014536,1674,1674,unclosed_code_fence,no_code_fence_used_raw_text,
deepseek-coder:6.7b,no_review,crn-013683,663,663,unclosed_code_fence,no_code_fence_used_raw_text,
deepseek-coder:6.7b,no_review,crn-011997,1505,1505,unclosed_code_fence,no_code_fence_used_raw_text,
deepseek-coder:6.7b,no_review,crn-010822,487,487,unclosed_code_fence,no_code_fence_used_raw_text,
deepseek-coder:6.7b,no_review,crn-006891,978,978,unclosed_code_fence,no_code_fence_used_raw_text,
deepseek-coder:6.7b,no_review,crn-000418,1983,458,near_num_predict_char_risk,extracted_from_code_fence,
deepseek-coder:6.7b,no_review,crn-004234,1836,444,near_num_predict_char_risk,extracted_from_code_fence,
deepseek-coder:6.7b,no_review,crn-010946,190,1,very_short_extracted_code,extracted_from_code_fence,
deepseek-coder:6.7b,no_review,crn-005277,883,881,unclosed_code_fence,no_code_fence_used_raw_text,
deepseek-coder:6.7b,no_review,crn-009127,2081,2081,unclosed_code_fence;near_num_predict_char_risk,no_code_fence_used_raw_text,
deepseek-coder:6.7b,no_review,crn-013150,1078,1078,unclosed_code_fence,no_code_fence_used_raw_text,
deepseek-coder:6.7b,no_review,crn-004321,2129,2129,unclosed_code_fence;near_num_predict_char_risk,no_code_fence_used_raw_text,
deepseek-coder:6.7b,no_review,crn-013024,1868,1868,unclosed_code_fence;near_num_predict_char_risk,no_code_fence_used_raw_text,
deepseek-coder:6.7b,no_review,crn-000535,1915,781,near_num_predict_char_risk,extracted_from_code_fence,
deepseek-coder:6.7b,no_review,crn-007678,2064,1407,near_num_predict_char_risk,extracted_from_code_fence,
deepseek-coder:6.7b,no_review,crn-001332,1842,1841,near_num_predict_char_risk,no_code_fence_used_raw_text,
deepseek-coder:6.7b,no_review,crn-011630,1662,1657,unclosed_code_fence,no_code_fence_used_raw_text,
deepseek-coder:6.7b,no_review,crn-005179,2128,2127,near_num_predict_char_risk,no_code_fence_used_raw_text,
deepseek-coder:6.7b,no_review,crn-012327,1796,590,near_num_predict_char_risk,extracted_from_code_fence,
deepseek-coder:6.7b,no_review,crn-009408,1935,809,near_num_predict_char_risk,extracted_from_code_fence,
deepseek-coder:6.7b,no_review,crn-007370,663,663,unclosed_code_fence,no_code_fence_used_raw_text,
deepseek-coder:6.7b,no_review,crn-013500,1919,859,near_num_predict_char_risk,extracted_from_code_fence,
deepseek-coder:6.7b,no_review,crn-006675,758,758,unclosed_code_fence,no_code_fence_used_raw_text,
deepseek-coder:6.7b,no_review,crn-005425,709,709,unclosed_code_fence,no_code_fence_used_raw_text,
deepseek-coder:6.7b,no_review,crn-011124,539,539,unclosed_code_fence,no_code_fence_used_raw_text,
deepseek-coder:6.7b,no_review,crn-009454,2014,457,near_num_predict_char_risk,extracted_from_code_fence,
deepseek-coder:6.7b,no_review,crn-013824,698,698,unclosed_code_fence,no_code_fence_used_raw_text,
deepseek-coder:6.7b,no_review,crn-014382,2005,991,near_num_predict_char_risk,extracted_from_code_fence,
deepseek-coder:6.7b,no_review,crn-013562,1874,1361,near_num_predict_char_risk,extracted_from_code_fence,
deepseek-coder:6.7b,no_review,crn-008848,947,947,unclosed_code_fence,no_code_fence_used_raw_text,
deepseek-coder:6.7b,no_review,crn-011977,1808,396,near_num_predict_char_risk,extracted_from_code_fence,
deepseek-coder:6.7b,no_review,crn-006002,1849,734,near_num_predict_char_risk,extracted_from_code_fence,
deepseek-coder:6.7b,no_review,crn-000309,1352,1352,unclosed_code_fence,no_code_fence_used_raw_text,
deepseek-coder:6.7b,no_review,crn-005731,1551,1551,unclosed_code_fence,no_code_fence_used_raw_text,
deepseek-coder:6.7b,no_review,crn-009929,2037,1031,near_num_predict_char_risk,extracted_from_code_fence,
deepseek-coder:6.7b,no_review,crn-011272,1802,676,near_num_predict_char_risk,extracted_from_code_fence,
deepseek-coder:6.7b,no_review,crn-007463,445,445,unclosed_code_fence,no_code_fence_used_raw_text,
deepseek-coder:6.7b,no_review,crn-011925,978,978,unclosed_code_fence,no_code_fence_used_raw_text,
deepseek-coder:6.7b,no_review,crn-001700,566,369,unclosed_code_fence,extracted_from_code_fence,
deepseek-coder:6.7b,no_review,crn-009573,1658,1658,unclosed_code_fence,no_code_fence_used_raw_text,
deepseek-coder:6.7b,no_review,crn-005166,880,880,unclosed_code_fence,no_code_fence_used_raw_text,
deepseek-coder:6.7b,no_review,crn-012208,2139,1090,near_num_predict_char_risk,extracted_from_code_fence,
deepseek-coder:6.7b,no_review,crn-004721,1306,431,unclosed_code_fence,extracted_from_code_fence,
deepseek-coder:6.7b,no_review,crn-010719,1898,473,near_num_predict_char_risk,extracted_from_code_fence,
deepseek-coder:6.7b,no_review,crn-013040,1894,445,near_num_predict_char_risk,extracted_from_code_fence,
deepseek-coder:6.7b,no_review,crn-009986,740,740,unclosed_code_fence,no_code_fence_used_raw_text,
deepseek-coder:6.7b,no_review,crn-007250,306,306,unclosed_code_fence,no_code_fence_used_raw_text,
deepseek-coder:6.7b,no_review,crn-005688,1997,510,near_num_predict_char_risk,extracted_from_code_fence,
deepseek-coder:6.7b,no_review,crn-007743,1798,1798,unclosed_code_fence;near_num_predict_char_risk,no_code_fence_used_raw_text,
deepseek-coder:6.7b,no_review,crn-007354,1990,671,near_num_predict_char_risk,extracted_from_code_fence,
deepseek-coder:6.7b,no_review,crn-005998,1908,666,near_num_predict_char_risk,extracted_from_code_fence,
deepseek-coder:6.7b,no_review,crn-014590,1642,1642,unclosed_code_fence,no_code_fence_used_raw_text,
deepseek-coder:6.7b,no_review,crn-013857,582,551,unclosed_code_fence,no_code_fence_used_raw_text,
deepseek-coder:6.7b,no_review,crn-004967,1885,1884,unclosed_code_fence;near_num_predict_char_risk,no_code_fence_used_raw_text,
deepseek-coder:6.7b,no_review,crn-013311,1968,1968,unclosed_code_fence;near_num_predict_char_risk,no_code_fence_used_raw_text,
deepseek-coder:6.7b,no_review,crn-014189,1848,1393,near_num_predict_char_risk,extracted_from_code_fence,
deepseek-coder:6.7b,no_review,crn-006993,2064,2064,unclosed_code_fence;near_num_predict_char_risk,no_code_fence_used_raw_text,
deepseek-coder:6.7b,no_review,crn-013713,1803,622,near_num_predict_char_risk,extracted_from_code_fence,
deepseek-coder:6.7b,no_review,crn-006804,1847,1847,unclosed_code_fence;near_num_predict_char_risk,no_code_fence_used_raw_text,
deepseek-coder:6.7b,no_review,crn-014865,1963,1204,near_num_predict_char_risk,extracted_from_code_fence,
deepseek-coder:6.7b,no_review,crn-006649,1961,1961,unclosed_code_fence;near_num_predict_char_risk,no_code_fence_used_raw_text,
deepseek-coder:6.7b,no_review,crn-006343,2032,2032,unclosed_code_fence;near_num_predict_char_risk,no_code_fence_used_raw_text,
deepseek-coder:6.7b,no_review,crn-004095,1900,314,unclosed_code_fence;near_num_predict_char_risk,extracted_from_code_fence,
deepseek-coder:6.7b,no_review,crn-007948,2092,2092,unclosed_code_fence;near_num_predict_char_risk,no_code_fence_used_raw_text,
deepseek-coder:6.7b,no_review,crn-002154,850,850,unclosed_code_fence,no_code_fence_used_raw_text,
deepseek-coder:6.7b,no_review,crn-009375,350,17,very_short_extracted_code,extracted_from_code_fence,
deepseek-coder:6.7b,no_review,crn-010926,696,696,unclosed_code_fence,no_code_fence_used_raw_text,
deepseek-coder:6.7b,no_review,crn-005894,61,12,very_short_extracted_code,extracted_from_code_fence,
deepseek-coder:6.7b,no_review,crn-006599,1978,741,near_num_predict_char_risk,multiple_code_fences_used_longest,
deepseek-coder:6.7b,no_review,crn-013265,936,935,unclosed_code_fence,no_code_fence_used_raw_text,
deepseek-coder:6.7b,no_review,crn-002644,688,688,unclosed_code_fence,no_code_fence_used_raw_text,
deepseek-coder:6.7b,no_review,crn-006044,1868,605,near_num_predict_char_risk,extracted_from_code_fence,
deepseek-coder:6.7b,no_review,crn-009647,2066,523,near_num_predict_char_risk,extracted_from_code_fence,
deepseek-coder:6.7b,no_review,crn-010552,597,597,unclosed_code_fence,no_code_fence_used_raw_text,
deepseek-coder:6.7b,no_review,crn-012185,1863,1331,near_num_predict_char_risk,extracted_from_code_fence,
deepseek-coder:6.7b,no_review,crn-014292,1858,348,near_num_predict_char_risk,extracted_from_code_fence,
deepseek-coder:6.7b,no_review,crn-012092,734,734,unclosed_code_fence,no_code_fence_used_raw_text,
deepseek-coder:6.7b,no_review,crn-003175,1967,568,near_num_predict_char_risk,extracted_from_code_fence,
deepseek-coder:6.7b,no_review,crn-012598,1818,793,near_num_predict_char_risk,extracted_from_code_fence,
deepseek-coder:6.7b,no_review,crn-005668,1726,1726,unclosed_code_fence,no_code_fence_used_raw_text,
deepseek-coder:6.7b,no_review,crn-013506,1795,686,near_num_predict_char_risk,extracted_from_code_fence,
deepseek-coder:6.7b,no_review,crn-006916,1848,712,near_num_predict_char_risk,extracted_from_code_fence,
deepseek-coder:6.7b,no_review,crn-007552,1814,503,near_num_predict_char_risk,extracted_from_code_fence,
deepseek-coder:6.7b,no_review,crn-001102,507,507,unclosed_code_fence,no_code_fence_used_raw_text,
deepseek-coder:6.7b,no_review,crn-003174,1800,569,near_num_predict_char_risk,extracted_from_code_fence,
deepseek-coder:6.7b,no_review,crn-000735,1802,643,near_num_predict_char_risk,extracted_from_code_fence,
deepseek-coder:6.7b,no_review,crn-007048,1833,1044,near_num_predict_char_risk,extracted_from_code_fence,
deepseek-coder:6.7b,no_review,crn-006917,1848,712,near_num_predict_char_risk,extracted_from_code_fence,
deepseek-coder:6.7b,no_review,crn-000020,1950,472,near_num_predict_char_risk,extracted_from_code_fence,
deepseek-coder:6.7b,no_review,crn-012406,648,648,unclosed_code_fence,no_code_fence_used_raw_text,
deepseek-coder:6.7b,no_review,crn-006792,1859,579,unclosed_code_fence;near_num_predict_char_risk,multiple_code_fences_used_longest,
deepseek-coder:6.7b,no_review,crn-001517,777,272,unclosed_code_fence,multiple_code_fences_used_longest,
deepseek-coder:6.7b,no_review,crn-009594,2010,234,unclosed_code_fence;near_num_predict_char_risk,multiple_code_fences_used_longest,
deepseek-coder:6.7b,no_review,crn-006809,1801,321,near_num_predict_char_risk,extracted_from_code_fence,
deepseek-coder:6.7b,no_review,crn-012576,1948,473,near_num_predict_char_risk,extracted_from_code_fence,
deepseek-coder:6.7b,no_review,crn-002473,522,522,unclosed_code_fence,no_code_fence_used_raw_text,
deepseek-coder:6.7b,no_review,crn-006912,1859,1209,near_num_predict_char_risk,extracted_from_code_fence,
deepseek-coder:6.7b,no_review,crn-008430,1707,1707,unclosed_code_fence,no_code_fence_used_raw_text,
deepseek-coder:6.7b,no_review,crn-011246,1991,665,near_num_predict_char_risk,extracted_from_code_fence,
deepseek-coder:6.7b,no_review,crn-000228,1874,396,near_num_predict_char_risk,extracted_from_code_fence,
deepseek-coder:6.7b,no_review,crn-004872,1628,1628,unclosed_code_fence,no_code_fence_used_raw_text,
deepseek-coder:6.7b,no_review,crn-001703,1969,1969,unclosed_code_fence;near_num_predict_char_risk,no_code_fence_used_raw_text,
deepseek-coder:6.7b,no_review,crn-013148,1908,1357,near_num_predict_char_risk,extracted_from_code_fence,
deepseek-coder:6.7b,no_review,crn-006130,639,639,unclosed_code_fence,no_code_fence_used_raw_text,
deepseek-coder:6.7b,no_review,crn-002153,859,859,unclosed_code_fence,no_code_fence_used_raw_text,
deepseek-coder:6.7b,no_review,crn-003590,1645,284,unclosed_code_fence,multiple_code_fences_used_longest,
deepseek-coder:6.7b,no_review,crn-000040,2022,1447,near_num_predict_char_risk,extracted_from_code_fence,
deepseek-coder:6.7b,no_review,crn-001690,1827,355,near_num_predict_char_risk,extracted_from_code_fence,
deepseek-coder:6.7b,no_review,crn-000160,1850,844,near_num_predict_char_risk,extracted_from_code_fence,
deepseek-coder:6.7b,no_review,crn-001930,1946,1946,unclosed_code_fence;near_num_predict_char_risk,no_code_fence_used_raw_text,
deepseek-coder:6.7b,no_review,crn-012856,1732,1732,unclosed_code_fence,no_code_fence_used_raw_text,
deepseek-coder:6.7b,no_review,crn-010656,1806,1805,near_num_predict_char_risk,no_code_fence_used_raw_text,
deepseek-coder:6.7b,no_review,crn-010953,1254,1254,unclosed_code_fence,no_code_fence_used_raw_text,
deepseek-coder:6.7b,no_review,crn-000606,2058,1626,near_num_predict_char_risk,extracted_from_code_fence,
deepseek-coder:6.7b,no_review,crn-010429,2334,2334,unclosed_code_fence;near_num_predict_char_risk,no_code_fence_used_raw_text,
deepseek-coder:6.7b,no_review,crn-007398,592,592,unclosed_code_fence,no_code_fence_used_raw_text,
deepseek-coder:6.7b,no_review,crn-008448,1953,1364,near_num_predict_char_risk,extracted_from_code_fence,
deepseek-coder:6.7b,no_review,crn-001612,1809,464,near_num_predict_char_risk,extracted_from_code_fence,
deepseek-coder:6.7b,no_review,crn-008678,1820,679,near_num_predict_char_risk,extracted_from_code_fence,
deepseek-coder:6.7b,no_review,crn-000277,1995,1995,unclosed_code_fence;near_num_predict_char_risk,no_code_fence_used_raw_text,
deepseek-coder:6.7b,no_review,crn-003032,1906,1906,unclosed_code_fence;near_num_predict_char_risk,no_code_fence_used_raw_text,
deepseek-coder:6.7b,no_review,crn-002307,1246,579,unclosed_code_fence,extracted_from_code_fence,
deepseek-coder:6.7b,no_review,crn-007596,1936,1935,near_num_predict_char_risk,no_code_fence_used_raw_text,
deepseek-coder:6.7b,no_review,crn-003997,2043,2043,unclosed_code_fence;near_num_predict_char_risk,no_code_fence_used_raw_text,
deepseek-coder:6.7b,no_review,crn-014278,2039,435,near_num_predict_char_risk,extracted_from_code_fence,
deepseek-coder:6.7b,no_review,crn-008736,1798,1798,unclosed_code_fence;near_num_predict_char_risk,no_code_fence_used_raw_text,
deepseek-coder:6.7b,no_review,crn-013135,2068,2068,unclosed_code_fence;near_num_predict_char_risk,no_code_fence_used_raw_text,
deepseek-coder:6.7b,no_review,crn-014539,1797,649,near_num_predict_char_risk,extracted_from_code_fence,
deepseek-coder:6.7b,no_review,crn-011074,1899,1174,near_num_predict_char_risk,extracted_from_code_fence,
deepseek-coder:6.7b,no_review,crn-006222,436,436,unclosed_code_fence,no_code_fence_used_raw_text,
deepseek-coder:6.7b,no_review,crn-002192,1878,1878,unclosed_code_fence;near_num_predict_char_risk,no_code_fence_used_raw_text,
deepseek-coder:6.7b,no_review,crn-007342,1871,636,near_num_predict_char_risk,multiple_code_fences_used_longest,
deepseek-coder:6.7b,no_review,crn-011591,579,402,unclosed_code_fence,extracted_from_code_fence,
deepseek-coder:6.7b,no_review,crn-012107,1942,732,near_num_predict_char_risk,multiple_code_fences_used_longest,
deepseek-coder:6.7b,no_review,crn-009237,1920,642,near_num_predict_char_risk,extracted_from_code_fence,
deepseek-coder:6.7b,no_review,crn-010910,1939,400,near_num_predict_char_risk,extracted_from_code_fence,
deepseek-coder:6.7b,no_review,crn-014411,1809,469,near_num_predict_char_risk,extracted_from_code_fence,
deepseek-coder:6.7b,no_review,crn-014308,1857,1288,near_num_predict_char_risk,extracted_from_code_fence,
deepseek-coder:6.7b,no_review,crn-000313,1980,337,near_num_predict_char_risk,extracted_from_code_fence,
deepseek-coder:6.7b,no_review,crn-009517,1595,1595,unclosed_code_fence,no_code_fence_used_raw_text,
deepseek-coder:6.7b,no_review,crn-004374,2023,2023,unclosed_code_fence;near_num_predict_char_risk,no_code_fence_used_raw_text,
deepseek-coder:6.7b,no_review,crn-010158,1825,582,near_num_predict_char_risk,extracted_from_code_fence,
deepseek-coder:6.7b,no_review,crn-008499,782,782,unclosed_code_fence,no_code_fence_used_raw_text,
deepseek-coder:6.7b,no_review,crn-009193,938,938,unclosed_code_fence,no_code_fence_used_raw_text,
deepseek-coder:6.7b,no_review,crn-004608,1893,368,near_num_predict_char_risk,extracted_from_code_fence,
deepseek-coder:6.7b,no_review,crn-009062,1255,1255,unclosed_code_fence,no_code_fence_used_raw_text,
deepseek-coder:6.7b,no_review,crn-006483,812,812,unclosed_code_fence,no_code_fence_used_raw_text,
deepseek-coder:6.7b,no_review,crn-008334,1966,1966,unclosed_code_fence;near_num_predict_char_risk,no_code_fence_used_raw_text,
deepseek-coder:6.7b,no_review,crn-005316,2008,1105,near_num_predict_char_risk,extracted_from_code_fence,
deepseek-coder:6.7b,no_review,crn-014532,1831,934,near_num_predict_char_risk,extracted_from_code_fence,
deepseek-coder:6.7b,no_review,crn-013151,1017,1017,unclosed_code_fence,no_code_fence_used_raw_text,
deepseek-coder:6.7b,no_review,crn-008935,1830,1830,unclosed_code_fence;near_num_predict_char_risk,no_code_fence_used_raw_text,
deepseek-coder:6.7b,no_review,crn-007336,950,950,unclosed_code_fence,no_code_fence_used_raw_text,
deepseek-coder:6.7b,no_review,crn-002528,556,182,unclosed_code_fence,extracted_from_code_fence,
deepseek-coder:6.7b,no_review,crn-008182,1413,1413,unclosed_code_fence,no_code_fence_used_raw_text,
deepseek-coder:6.7b,no_review,crn-012113,596,596,unclosed_code_fence,no_code_fence_used_raw_text,
deepseek-coder:6.7b,no_review,crn-005887,1847,1847,unclosed_code_fence;near_num_predict_char_risk,no_code_fence_used_raw_text,
deepseek-coder:6.7b,no_review,crn-002010,1826,768,near_num_predict_char_risk,extracted_from_code_fence,
deepseek-coder:6.7b,no_review,crn-001385,755,755,unclosed_code_fence,no_code_fence_used_raw_text,
deepseek-coder:6.7b,no_review,crn-000858,1926,880,near_num_predict_char_risk,extracted_from_code_fence,
deepseek-coder:6.7b,no_review,crn-006901,1926,1926,unclosed_code_fence;near_num_predict_char_risk,no_code_fence_used_raw_text,
deepseek-coder:6.7b,no_review,crn-008677,1608,1608,unclosed_code_fence,no_code_fence_used_raw_text,
deepseek-coder:6.7b,no_review,crn-010909,1805,344,near_num_predict_char_risk,extracted_from_code_fence,
deepseek-coder:6.7b,no_review,crn-014190,1867,1393,near_num_predict_char_risk,extracted_from_code_fence,
deepseek-coder:6.7b,no_review,crn-009195,1830,1220,near_num_predict_char_risk,extracted_from_code_fence,
deepseek-coder:6.7b,no_review,crn-005514,1781,1781,unclosed_code_fence,no_code_fence_used_raw_text,
deepseek-coder:6.7b,no_review,crn-006337,1805,401,unclosed_code_fence;near_num_predict_char_risk,extracted_from_code_fence,
deepseek-coder:6.7b,no_review,crn-004730,1786,1786,unclosed_code_fence,no_code_fence_used_raw_text,
deepseek-coder:6.7b,no_review,crn-007648,2027,2027,unclosed_code_fence;near_num_predict_char_risk,no_code_fence_used_raw_text,
deepseek-coder:6.7b,no_review,crn-014697,1834,594,near_num_predict_char_risk,extracted_from_code_fence,
deepseek-coder:6.7b,no_review,crn-011122,1951,807,near_num_predict_char_risk,extracted_from_code_fence,
deepseek-coder:6.7b,no_review,crn-001896,1969,185,near_num_predict_char_risk,multiple_code_fences_used_longest,
deepseek-coder:6.7b,no_review,crn-010819,1919,1919,unclosed_code_fence;near_num_predict_char_risk,no_code_fence_used_raw_text,
deepseek-coder:6.7b,no_review,crn-010960,2160,822,near_num_predict_char_risk,extracted_from_code_fence,
deepseek-coder:6.7b,no_review,crn-000862,2137,293,near_num_predict_char_risk,extracted_from_code_fence,
deepseek-coder:6.7b,no_review,crn-003412,1820,1819,near_num_predict_char_risk,no_code_fence_used_raw_text,
deepseek-coder:6.7b,no_review,crn-000352,1863,1863,unclosed_code_fence;near_num_predict_char_risk,no_code_fence_used_raw_text,
deepseek-coder:6.7b,no_review,crn-005913,942,942,unclosed_code_fence,no_code_fence_used_raw_text,
deepseek-coder:6.7b,no_review,crn-008973,1793,919,near_num_predict_char_risk,extracted_from_code_fence,
deepseek-coder:6.7b,no_review,crn-011373,2008,459,near_num_predict_char_risk,extracted_from_code_fence,
deepseek-coder:6.7b,no_review,crn-006728,1918,1918,unclosed_code_fence;near_num_predict_char_risk,no_code_fence_used_raw_text,
deepseek-coder:6.7b,no_review,crn-010697,1984,396,near_num_predict_char_risk,extracted_from_code_fence,
deepseek-coder:6.7b,no_review,crn-010470,1917,1480,near_num_predict_char_risk,extracted_from_code_fence,
deepseek-coder:6.7b,no_review,crn-007773,2046,2046,unclosed_code_fence;near_num_predict_char_risk,no_code_fence_used_raw_text,
deepseek-coder:6.7b,no_review,crn-011079,2265,2265,unclosed_code_fence;near_num_predict_char_risk,no_code_fence_used_raw_text,
deepseek-coder:6.7b,no_review,crn-006553,1875,1875,unclosed_code_fence;near_num_predict_char_risk,no_code_fence_used_raw_text,
deepseek-coder:6.7b,no_review,crn-011374,1802,1798,unclosed_code_fence;near_num_predict_char_risk,no_code_fence_used_raw_text,
deepseek-coder:6.7b,no_review,crn-012568,1981,523,near_num_predict_char_risk,extracted_from_code_fence,
deepseek-coder:6.7b,no_review,crn-008371,794,794,unclosed_code_fence,no_code_fence_used_raw_text,
deepseek-coder:6.7b,no_review,crn-013889,2124,658,unclosed_code_fence;near_num_predict_char_risk,extracted_from_code_fence,
deepseek-coder:6.7b,no_review,crn-003943,1924,448,near_num_predict_char_risk,extracted_from_code_fence,
deepseek-coder:6.7b,no_review,crn-008484,1832,983,near_num_predict_char_risk,extracted_from_code_fence,
deepseek-coder:6.7b,no_review,crn-008900,2024,2024,unclosed_code_fence;near_num_predict_char_risk,no_code_fence_used_raw_text,
deepseek-coder:6.7b,no_review,crn-003258,1785,1780,unclosed_code_fence,no_code_fence_used_raw_text,
deepseek-coder:6.7b,no_review,crn-009991,2180,662,near_num_predict_char_risk,extracted_from_code_fence,
deepseek-coder:6.7b,no_review,crn-004159,812,812,unclosed_code_fence,no_code_fence_used_raw_text,
deepseek-coder:6.7b,no_review,crn-007895,2028,2028,unclosed_code_fence;near_num_predict_char_risk,no_code_fence_used_raw_text,
deepseek-coder:6.7b,no_review,crn-012402,1221,1220,unclosed_code_fence,no_code_fence_used_raw_text,
deepseek-coder:6.7b,no_review,crn-004982,1179,1179,unclosed_code_fence,no_code_fence_used_raw_text,
deepseek-coder:6.7b,no_review,crn-006084,911,911,unclosed_code_fence,no_code_fence_used_raw_text,
deepseek-coder:6.7b,no_review,crn-012290,1845,899,near_num_predict_char_risk,extracted_from_code_fence,
deepseek-coder:6.7b,no_review,crn-008041,1930,1930,unclosed_code_fence;near_num_predict_char_risk,no_code_fence_used_raw_text,
deepseek-coder:6.7b,no_review,crn-005543,1732,1732,unclosed_code_fence,no_code_fence_used_raw_text,
deepseek-coder:6.7b,no_review,crn-013312,2005,1568,near_num_predict_char_risk,extracted_from_code_fence,
deepseek-coder:6.7b,no_review,crn-008601,1834,993,near_num_predict_char_risk,extracted_from_code_fence,
deepseek-coder:6.7b,no_review,crn-001136,1859,1130,near_num_predict_char_risk,extracted_from_code_fence,
deepseek-coder:6.7b,no_review,crn-007061,1808,514,near_num_predict_char_risk,extracted_from_code_fence,
deepseek-coder:6.7b,no_review,crn-012814,1994,344,near_num_predict_char_risk,extracted_from_code_fence,
deepseek-coder:6.7b,no_review,crn-012634,1851,386,near_num_predict_char_risk,extracted_from_code_fence,
deepseek-coder:6.7b,no_review,crn-007183,1932,335,near_num_predict_char_risk,extracted_from_code_fence,
deepseek-coder:6.7b,no_review,crn-013766,533,533,unclosed_code_fence,no_code_fence_used_raw_text,
deepseek-coder:6.7b,no_review,crn-004477,1275,1275,unclosed_code_fence,no_code_fence_used_raw_text,
deepseek-coder:6.7b,no_review,crn-008593,810,810,unclosed_code_fence,no_code_fence_used_raw_text,
deepseek-coder:6.7b,no_review,crn-007418,2001,1114,near_num_predict_char_risk,extracted_from_code_fence,
deepseek-coder:6.7b,no_review,crn-011161,1978,1416,near_num_predict_char_risk,extracted_from_code_fence,
deepseek-coder:6.7b,no_review,crn-007192,634,634,unclosed_code_fence,no_code_fence_used_raw_text,
deepseek-coder:6.7b,no_review,crn-003666,1924,1924,unclosed_code_fence;near_num_predict_char_risk,no_code_fence_used_raw_text,
deepseek-coder:6.7b,no_review,crn-012889,1086,1086,unclosed_code_fence,no_code_fence_used_raw_text,
deepseek-coder:6.7b,no_review,crn-013214,2081,1199,near_num_predict_char_risk,extracted_from_code_fence,
deepseek-coder:6.7b,no_review,crn-002547,563,563,unclosed_code_fence,no_code_fence_used_raw_text,
deepseek-coder:6.7b,no_review,crn-012213,1891,1891,unclosed_code_fence;near_num_predict_char_risk,no_code_fence_used_raw_text,
deepseek-coder:6.7b,no_review,crn-012232,1924,988,near_num_predict_char_risk,extracted_from_code_fence,
deepseek-coder:6.7b,no_review,crn-010079,1838,229,unclosed_code_fence;near_num_predict_char_risk,multiple_code_fences_used_longest,
deepseek-coder:6.7b,no_review,crn-000155,1807,1274,near_num_predict_char_risk,extracted_from_code_fence,
deepseek-coder:6.7b,no_review,crn-009616,1086,1086,unclosed_code_fence,no_code_fence_used_raw_text,
deepseek-coder:6.7b,no_review,crn-000962,1966,1964,unclosed_code_fence;near_num_predict_char_risk,no_code_fence_used_raw_text,
deepseek-coder:6.7b,no_review,crn-009129,564,564,unclosed_code_fence,no_code_fence_used_raw_text,
deepseek-coder:6.7b,no_review,crn-003969,1842,340,near_num_predict_char_risk,extracted_from_code_fence,
deepseek-coder:6.7b,no_review,crn-002663,480,325,unclosed_code_fence,extracted_from_code_fence,
deepseek-coder:6.7b,no_review,crn-006959,2058,2058,unclosed_code_fence;near_num_predict_char_risk,no_code_fence_used_raw_text,
deepseek-coder:6.7b,no_review,crn-006585,810,810,unclosed_code_fence,no_code_fence_used_raw_text,
deepseek-coder:6.7b,no_review,crn-010592,1808,522,near_num_predict_char_risk,extracted_from_code_fence,
deepseek-coder:6.7b,no_review,crn-012023,1802,443,near_num_predict_char_risk,extracted_from_code_fence,
deepseek-coder:6.7b,no_review,crn-005670,1852,1852,unclosed_code_fence;near_num_predict_char_risk,no_code_fence_used_raw_text,
deepseek-coder:6.7b,direct,crn-007371,526,526,unclosed_code_fence,no_code_fence_used_raw_text,
deepseek-coder:6.7b,direct,crn-013081,638,638,unclosed_code_fence,no_code_fence_used_raw_text,
deepseek-coder:6.7b,direct,crn-001854,395,395,unclosed_code_fence,no_code_fence_used_raw_text,
deepseek-coder:6.7b,direct,crn-013224,383,383,unclosed_code_fence,no_code_fence_used_raw_text,
deepseek-coder:6.7b,direct,crn-014345,322,322,unclosed_code_fence,no_code_fence_used_raw_text,
deepseek-coder:6.7b,direct,crn-004413,550,550,unclosed_code_fence,no_code_fence_used_raw_text,
deepseek-coder:6.7b,direct,crn-007754,1383,1383,unclosed_code_fence,no_code_fence_used_raw_text,
deepseek-coder:6.7b,direct,crn-007011,1403,1403,unclosed_code_fence,no_code_fence_used_raw_text,
deepseek-coder:6.7b,direct,crn-008177,39,26,very_short_extracted_code,extracted_from_code_fence,
deepseek-coder:6.7b,direct,crn-008584,25,14,very_short_extracted_code,extracted_from_code_fence,
deepseek-coder:6.7b,direct,crn-004591,249,249,unclosed_code_fence,no_code_fence_used_raw_text,
deepseek-coder:6.7b,direct,crn-001518,292,273,unclosed_code_fence,extracted_from_code_fence,
deepseek-coder:6.7b,direct,crn-004812,31,17,very_short_extracted_code,extracted_from_code_fence,
deepseek-coder:6.7b,direct,crn-001217,399,256,unclosed_code_fence,multiple_code_fences_used_longest,
deepseek-coder:6.7b,direct,crn-005756,400,399,unclosed_code_fence,no_code_fence_used_raw_text,
deepseek-coder:6.7b,direct,crn-000653,287,287,unclosed_code_fence,no_code_fence_used_raw_text,
deepseek-coder:6.7b,direct,crn-013433,815,815,unclosed_code_fence,no_code_fence_used_raw_text,
deepseek-coder:6.7b,direct,crn-008480,2057,1353,near_num_predict_char_risk,extracted_from_code_fence,
deepseek-coder:6.7b,direct,crn-006928,272,272,unclosed_code_fence,no_code_fence_used_raw_text,
deepseek-coder:6.7b,direct,crn-014606,431,431,unclosed_code_fence,no_code_fence_used_raw_text,
deepseek-coder:6.7b,direct,crn-010005,500,500,unclosed_code_fence,no_code_fence_used_raw_text,
deepseek-coder:6.7b,direct,crn-007742,1897,960,near_num_predict_char_risk,extracted_from_code_fence,
deepseek-coder:6.7b,direct,crn-004604,632,631,unclosed_code_fence,no_code_fence_used_raw_text,
deepseek-coder:6.7b,direct,crn-008372,540,540,unclosed_code_fence,no_code_fence_used_raw_text,
deepseek-coder:6.7b,direct,crn-001463,465,465,unclosed_code_fence,no_code_fence_used_raw_text,
deepseek-coder:6.7b,direct,crn-009083,134,134,unclosed_code_fence,no_code_fence_used_raw_text,
deepseek-coder:6.7b,direct,crn-006238,682,682,unclosed_code_fence,no_code_fence_used_raw_text,
deepseek-coder:6.7b,direct,crn-004937,410,410,unclosed_code_fence,no_code_fence_used_raw_text,
deepseek-coder:6.7b,direct,crn-012665,430,430,unclosed_code_fence,no_code_fence_used_raw_text,
deepseek-coder:6.7b,direct,crn-000142,267,266,unclosed_code_fence,no_code_fence_used_raw_text,
deepseek-coder:6.7b,direct,crn-001880,668,370,unclosed_code_fence,extracted_from_code_fence,
deepseek-coder:6.7b,direct,crn-010683,1638,1634,unclosed_code_fence,no_code_fence_used_raw_text,
deepseek-coder:6.7b,direct,crn-007380,703,703,unclosed_code_fence,no_code_fence_used_raw_text,
deepseek-coder:6.7b,direct,crn-012703,274,274,unclosed_code_fence,no_code_fence_used_raw_text,
deepseek-coder:6.7b,direct,crn-000955,265,265,unclosed_code_fence,no_code_fence_used_raw_text,
deepseek-coder:6.7b,direct,crn-007232,451,451,unclosed_code_fence,no_code_fence_used_raw_text,
deepseek-coder:6.7b,direct,crn-007447,1005,1005,unclosed_code_fence,no_code_fence_used_raw_text,
deepseek-coder:6.7b,direct,crn-006104,1191,1191,unclosed_code_fence,no_code_fence_used_raw_text,
deepseek-coder:6.7b,direct,crn-009891,229,229,unclosed_code_fence,no_code_fence_used_raw_text,
deepseek-coder:6.7b,direct,crn-001561,31,17,very_short_extracted_code,extracted_from_code_fence,
deepseek-coder:6.7b,direct,crn-006235,632,632,unclosed_code_fence,no_code_fence_used_raw_text,
deepseek-coder:6.7b,direct,crn-008024,154,153,unclosed_code_fence,no_code_fence_used_raw_text,
deepseek-coder:6.7b,direct,crn-004860,456,456,unclosed_code_fence,no_code_fence_used_raw_text,
deepseek-coder:6.7b,direct,crn-004605,608,607,unclosed_code_fence,no_code_fence_used_raw_text,
deepseek-coder:6.7b,direct,crn-008374,713,713,unclosed_code_fence,no_code_fence_used_raw_text,
deepseek-coder:6.7b,direct,crn-011665,632,632,unclosed_code_fence,no_code_fence_used_raw_text,
deepseek-coder:6.7b,direct,crn-001661,1158,1158,unclosed_code_fence,no_code_fence_used_raw_text,
deepseek-coder:6.7b,direct,crn-009392,513,513,unclosed_code_fence,no_code_fence_used_raw_text,
deepseek-coder:6.7b,direct,crn-007049,1027,1027,unclosed_code_fence,no_code_fence_used_raw_text,
deepseek-coder:6.7b,direct,crn-009072,1082,1082,unclosed_code_fence,no_code_fence_used_raw_text,
deepseek-coder:6.7b,direct,crn-013806,406,375,unclosed_code_fence,no_code_fence_used_raw_text,
deepseek-coder:6.7b,direct,crn-008023,154,153,unclosed_code_fence,no_code_fence_used_raw_text,
deepseek-coder:6.7b,direct,crn-011231,181,150,unclosed_code_fence,no_code_fence_used_raw_text,
deepseek-coder:6.7b,direct,crn-004884,492,492,unclosed_code_fence,no_code_fence_used_raw_text,
deepseek-coder:6.7b,direct,crn-007820,1899,1318,near_num_predict_char_risk,extracted_from_code_fence,
deepseek-coder:6.7b,direct,crn-011464,310,310,unclosed_code_fence,no_code_fence_used_raw_text,
deepseek-coder:6.7b,direct,crn-009985,252,252,unclosed_code_fence,no_code_fence_used_raw_text,
deepseek-coder:6.7b,direct,crn-007522,51,36,very_short_extracted_code,extracted_from_code_fence,
deepseek-coder:6.7b,direct,crn-001798,181,181,unclosed_code_fence,no_code_fence_used_raw_text,
deepseek-coder:6.7b,direct,crn-012474,2010,1211,near_num_predict_char_risk,extracted_from_code_fence,
deepseek-coder:6.7b,direct,crn-001780,26,12,very_short_extracted_code,extracted_from_code_fence,
deepseek-coder:6.7b,direct,crn-002350,241,225,unclosed_code_fence,extracted_from_code_fence,
deepseek-coder:6.7b,direct,crn-005547,461,461,unclosed_code_fence,no_code_fence_used_raw_text,
deepseek-coder:6.7b,direct,crn-009079,363,363,unclosed_code_fence,no_code_fence_used_raw_text,
deepseek-coder:6.7b,direct,crn-004601,545,545,unclosed_code_fence,no_code_fence_used_raw_text,
deepseek-coder:6.7b,direct,crn-001668,121,121,unclosed_code_fence,no_code_fence_used_raw_text,
deepseek-coder:6.7b,direct,crn-012888,1014,1014,unclosed_code_fence,no_code_fence_used_raw_text,
deepseek-coder:6.7b,direct,crn-013812,333,333,unclosed_code_fence,no_code_fence_used_raw_text,
deepseek-coder:6.7b,direct,crn-009479,1316,1316,unclosed_code_fence,no_code_fence_used_raw_text,
deepseek-coder:6.7b,direct,crn-007560,1798,1047,near_num_predict_char_risk,extracted_from_code_fence,
deepseek-coder:6.7b,direct,crn-008556,503,503,unclosed_code_fence,no_code_fence_used_raw_text,
deepseek-coder:6.7b,direct,crn-007318,626,626,unclosed_code_fence,no_code_fence_used_raw_text,
deepseek-coder:6.7b,direct,crn-014470,40,26,very_short_extracted_code,extracted_from_code_fence,
deepseek-coder:6.7b,direct,crn-013150,887,887,unclosed_code_fence,no_code_fence_used_raw_text,
deepseek-coder:6.7b,direct,crn-012681,612,333,unclosed_code_fence,extracted_from_code_fence,
deepseek-coder:6.7b,direct,crn-007375,448,448,unclosed_code_fence,no_code_fence_used_raw_text,
deepseek-coder:6.7b,direct,crn-008848,784,784,unclosed_code_fence,no_code_fence_used_raw_text,
deepseek-coder:6.7b,direct,crn-005669,169,169,unclosed_code_fence,no_code_fence_used_raw_text,
deepseek-coder:6.7b,direct,crn-003340,1576,1576,unclosed_code_fence,no_code_fence_used_raw_text,
deepseek-coder:6.7b,direct,crn-011653,221,221,unclosed_code_fence,no_code_fence_used_raw_text,
deepseek-coder:6.7b,direct,crn-009983,2077,718,near_num_predict_char_risk,multiple_code_fences_used_longest,
deepseek-coder:6.7b,direct,crn-007428,1981,928,near_num_predict_char_risk,extracted_from_code_fence,
deepseek-coder:6.7b,direct,crn-012025,1885,959,near_num_predict_char_risk,extracted_from_code_fence,
deepseek-coder:6.7b,direct,crn-006241,811,811,unclosed_code_fence,no_code_fence_used_raw_text,
deepseek-coder:6.7b,direct,crn-001866,406,406,unclosed_code_fence,no_code_fence_used_raw_text,
deepseek-coder:6.7b,direct,crn-005894,23,12,very_short_extracted_code,extracted_from_code_fence,
deepseek-coder:6.7b,direct,crn-004215,403,403,unclosed_code_fence,no_code_fence_used_raw_text,
deepseek-coder:6.7b,direct,crn-012598,484,484,unclosed_code_fence,no_code_fence_used_raw_text,
deepseek-coder:6.7b,direct,crn-005668,178,178,unclosed_code_fence,no_code_fence_used_raw_text,
deepseek-coder:6.7b,direct,crn-014877,119,118,unclosed_code_fence,no_code_fence_used_raw_text,
deepseek-coder:6.7b,direct,crn-001102,235,235,unclosed_code_fence,no_code_fence_used_raw_text,
deepseek-coder:6.7b,direct,crn-004228,296,296,unclosed_code_fence,no_code_fence_used_raw_text,
deepseek-coder:6.7b,direct,crn-007993,230,230,unclosed_code_fence,no_code_fence_used_raw_text,
deepseek-coder:6.7b,direct,crn-001517,293,274,unclosed_code_fence,extracted_from_code_fence,
deepseek-coder:6.7b,direct,crn-013148,1359,1359,unclosed_code_fence,no_code_fence_used_raw_text,
deepseek-coder:6.7b,direct,crn-004428,427,427,unclosed_code_fence,no_code_fence_used_raw_text,
deepseek-coder:6.7b,direct,crn-004322,1258,1258,unclosed_code_fence,no_code_fence_used_raw_text,
deepseek-coder:6.7b,direct,crn-011237,185,185,unclosed_code_fence,no_code_fence_used_raw_text,
deepseek-coder:6.7b,direct,crn-002484,308,308,unclosed_code_fence,no_code_fence_used_raw_text,
deepseek-coder:6.7b,direct,crn-010834,711,711,unclosed_code_fence,no_code_fence_used_raw_text,
deepseek-coder:6.7b,direct,crn-009075,1646,377,unclosed_code_fence,multiple_code_fences_used_longest,
deepseek-coder:6.7b,direct,crn-013020,276,276,unclosed_code_fence,no_code_fence_used_raw_text,
deepseek-coder:6.7b,direct,crn-014139,234,215,unclosed_code_fence,extracted_from_code_fence,
deepseek-coder:6.7b,direct,crn-004974,380,380,unclosed_code_fence,no_code_fence_used_raw_text,
deepseek-coder:6.7b,direct,crn-002192,1800,1800,unclosed_code_fence;near_num_predict_char_risk,no_code_fence_used_raw_text,
deepseek-coder:6.7b,direct,crn-013389,348,348,unclosed_code_fence,no_code_fence_used_raw_text,
deepseek-coder:6.7b,direct,crn-009437,753,753,unclosed_code_fence,no_code_fence_used_raw_text,
deepseek-coder:6.7b,direct,crn-012858,846,846,unclosed_code_fence,no_code_fence_used_raw_text,
deepseek-coder:6.7b,direct,crn-004920,23,12,very_short_extracted_code,extracted_from_code_fence,
deepseek-coder:6.7b,direct,crn-014620,222,222,unclosed_code_fence,no_code_fence_used_raw_text,
deepseek-coder:6.7b,direct,crn-013259,418,394,unclosed_code_fence,extracted_from_code_fence,
deepseek-coder:6.7b,direct,crn-009397,402,402,unclosed_code_fence,no_code_fence_used_raw_text,
deepseek-coder:6.7b,direct,crn-007103,2094,1159,near_num_predict_char_risk,extracted_from_code_fence,
deepseek-coder:6.7b,direct,crn-008334,808,808,unclosed_code_fence,no_code_fence_used_raw_text,
deepseek-coder:6.7b,direct,crn-009473,649,649,unclosed_code_fence,no_code_fence_used_raw_text,
deepseek-coder:6.7b,direct,crn-013151,998,998,unclosed_code_fence,no_code_fence_used_raw_text,
deepseek-coder:6.7b,direct,crn-012247,854,130,unclosed_code_fence,extracted_from_code_fence,
deepseek-coder:6.7b,direct,crn-002126,110,109,unclosed_code_fence,no_code_fence_used_raw_text,
deepseek-coder:6.7b,direct,crn-000924,227,226,unclosed_code_fence,no_code_fence_used_raw_text,
deepseek-coder:6.7b,direct,crn-005906,334,334,unclosed_code_fence,no_code_fence_used_raw_text,
deepseek-coder:6.7b,direct,crn-010891,303,303,unclosed_code_fence,no_code_fence_used_raw_text,
deepseek-coder:6.7b,direct,crn-007773,1620,1620,unclosed_code_fence,no_code_fence_used_raw_text,
deepseek-coder:6.7b,direct,crn-007670,581,581,unclosed_code_fence,no_code_fence_used_raw_text,
deepseek-coder:6.7b,direct,crn-012728,218,217,unclosed_code_fence,no_code_fence_used_raw_text,
deepseek-coder:6.7b,direct,crn-003847,512,512,unclosed_code_fence,no_code_fence_used_raw_text,
deepseek-coder:6.7b,direct,crn-007178,182,182,unclosed_code_fence,no_code_fence_used_raw_text,
deepseek-coder:6.7b,direct,crn-004423,1405,302,unclosed_code_fence,multiple_code_fences_used_longest,
deepseek-coder:6.7b,direct,crn-013766,396,396,unclosed_code_fence,no_code_fence_used_raw_text,
deepseek-coder:6.7b,direct,crn-005523,286,286,unclosed_code_fence,no_code_fence_used_raw_text,
deepseek-coder:6.7b,direct,crn-006249,869,869,unclosed_code_fence,no_code_fence_used_raw_text,
deepseek-coder:6.7b,direct,crn-011161,2067,1463,near_num_predict_char_risk,extracted_from_code_fence,
deepseek-coder:6.7b,direct,crn-012889,848,848,unclosed_code_fence,no_code_fence_used_raw_text,
deepseek-coder:6.7b,direct,crn-009616,1153,1153,unclosed_code_fence,no_code_fence_used_raw_text,
deepseek-coder:6.7b,direct,crn-012122,463,463,unclosed_code_fence,no_code_fence_used_raw_text,
deepseek-coder:6.7b,direct,crn-004589,399,399,unclosed_code_fence,no_code_fence_used_raw_text,
deepseek-coder:6.7b,direct,crn-007105,488,488,unclosed_code_fence,no_code_fence_used_raw_text,
deepseek-coder:6.7b,direct,crn-012926,485,485,unclosed_code_fence,no_code_fence_used_raw_text,
deepseek-coder:6.7b,direct,crn-002663,366,334,unclosed_code_fence,extracted_from_code_fence,
deepseek-coder:6.7b,direct,crn-013863,197,197,unclosed_code_fence,no_code_fence_used_raw_text,
deepseek-coder:6.7b,direct,crn-001089,1525,585,unclosed_code_fence,extracted_from_code_fence,
deepseek-coder:6.7b,direct,crn-005670,178,178,unclosed_code_fence,no_code_fence_used_raw_text,
deepseek-coder:6.7b,direct,crn-012023,1945,849,near_num_predict_char_risk,extracted_from_code_fence,
deepseek-coder:6.7b,direct,crn-004578,420,420,unclosed_code_fence,no_code_fence_used_raw_text,
deepseek-coder:6.7b,gold_location,crn-010297,358,358,unclosed_code_fence,no_code_fence_used_raw_text,
deepseek-coder:6.7b,gold_location,crn-004693,404,404,unclosed_code_fence,no_code_fence_used_raw_text,
deepseek-coder:6.7b,gold_location,crn-013081,501,501,unclosed_code_fence,no_code_fence_used_raw_text,
deepseek-coder:6.7b,gold_location,crn-013338,406,382,unclosed_code_fence,extracted_from_code_fence,
deepseek-coder:6.7b,gold_location,crn-012297,432,432,unclosed_code_fence,no_code_fence_used_raw_text,
deepseek-coder:6.7b,gold_location,crn-001683,32,17,very_short_extracted_code,extracted_from_code_fence,
deepseek-coder:6.7b,gold_location,crn-000517,470,470,unclosed_code_fence,no_code_fence_used_raw_text,
deepseek-coder:6.7b,gold_location,crn-001858,414,414,unclosed_code_fence,no_code_fence_used_raw_text,
deepseek-coder:6.7b,gold_location,crn-013603,40,25,very_short_extracted_code,extracted_from_code_fence,
deepseek-coder:6.7b,gold_location,crn-012595,455,455,unclosed_code_fence,no_code_fence_used_raw_text,
deepseek-coder:6.7b,gold_location,crn-001159,375,62,unclosed_code_fence,extracted_from_code_fence,
deepseek-coder:6.7b,gold_location,crn-002088,1917,1867,near_num_predict_char_risk,extracted_from_code_fence,
deepseek-coder:6.7b,gold_location,crn-012929,610,541,unclosed_code_fence,removed_wrapper_text_or_gold_markers,
deepseek-coder:6.7b,gold_location,crn-013022,415,373,unclosed_code_fence,removed_wrapper_text_or_gold_markers,
deepseek-coder:6.7b,gold_location,crn-007754,1487,1487,unclosed_code_fence,no_code_fence_used_raw_text,
deepseek-coder:6.7b,gold_location,crn-007011,1439,1439,unclosed_code_fence,no_code_fence_used_raw_text,
deepseek-coder:6.7b,gold_location,crn-006933,487,486,unclosed_code_fence,no_code_fence_used_raw_text,
deepseek-coder:6.7b,gold_location,crn-008177,39,26,very_short_extracted_code,extracted_from_code_fence,
deepseek-coder:6.7b,gold_location,crn-008584,25,14,very_short_extracted_code,extracted_from_code_fence,
deepseek-coder:6.7b,gold_location,crn-012120,452,383,unclosed_code_fence,removed_wrapper_text_or_gold_markers,
deepseek-coder:6.7b,gold_location,crn-013528,202,202,unclosed_code_fence,no_code_fence_used_raw_text,
deepseek-coder:6.7b,gold_location,crn-000366,370,370,unclosed_code_fence,no_code_fence_used_raw_text,
deepseek-coder:6.7b,gold_location,crn-001518,295,276,unclosed_code_fence,extracted_from_code_fence,
deepseek-coder:6.7b,gold_location,crn-009646,314,314,unclosed_code_fence,no_code_fence_used_raw_text,
deepseek-coder:6.7b,gold_location,crn-001217,378,243,unclosed_code_fence,multiple_code_fences_used_longest,
deepseek-coder:6.7b,gold_location,crn-013324,316,274,unclosed_code_fence,removed_wrapper_text_or_gold_markers,
deepseek-coder:6.7b,gold_location,crn-006583,416,416,unclosed_code_fence,no_code_fence_used_raw_text,
deepseek-coder:6.7b,gold_location,crn-011245,395,395,unclosed_code_fence,no_code_fence_used_raw_text,
deepseek-coder:6.7b,gold_location,crn-008911,988,988,unclosed_code_fence,no_code_fence_used_raw_text,
deepseek-coder:6.7b,gold_location,crn-007885,460,460,unclosed_code_fence,no_code_fence_used_raw_text,
deepseek-coder:6.7b,gold_location,crn-006928,272,272,unclosed_code_fence,no_code_fence_used_raw_text,
deepseek-coder:6.7b,gold_location,crn-008823,216,216,unclosed_code_fence,no_code_fence_used_raw_text,
deepseek-coder:6.7b,gold_location,crn-006105,1183,1183,unclosed_code_fence,no_code_fence_used_raw_text,
deepseek-coder:6.7b,gold_location,crn-014606,353,353,unclosed_code_fence,no_code_fence_used_raw_text,
deepseek-coder:6.7b,gold_location,crn-009438,323,323,unclosed_code_fence,no_code_fence_used_raw_text,
deepseek-coder:6.7b,gold_location,crn-009068,282,282,unclosed_code_fence,no_code_fence_used_raw_text,
deepseek-coder:6.7b,gold_location,crn-010887,478,478,unclosed_code_fence,no_code_fence_used_raw_text,
deepseek-coder:6.7b,gold_location,crn-011481,486,470,unclosed_code_fence,extracted_from_code_fence,
deepseek-coder:6.7b,gold_location,crn-005460,404,404,unclosed_code_fence,no_code_fence_used_raw_text,
deepseek-coder:6.7b,gold_location,crn-006238,178,178,unclosed_code_fence,no_code_fence_used_raw_text,
deepseek-coder:6.7b,gold_location,crn-006350,204,204,unclosed_code_fence,no_code_fence_used_raw_text,
deepseek-coder:6.7b,gold_location,crn-002583,82,82,unclosed_code_fence,no_code_fence_used_raw_text,
deepseek-coder:6.7b,gold_location,crn-008818,310,310,unclosed_code_fence,no_code_fence_used_raw_text,
deepseek-coder:6.7b,gold_location,crn-009094,259,259,unclosed_code_fence,no_code_fence_used_raw_text,
deepseek-coder:6.7b,gold_location,crn-012661,147,146,unclosed_code_fence,no_code_fence_used_raw_text,
deepseek-coder:6.7b,gold_location,crn-004577,417,417,unclosed_code_fence,no_code_fence_used_raw_text,
deepseek-coder:6.7b,gold_location,crn-012118,423,423,unclosed_code_fence,no_code_fence_used_raw_text,
deepseek-coder:6.7b,gold_location,crn-008906,122,122,unclosed_code_fence,no_code_fence_used_raw_text,
deepseek-coder:6.7b,gold_location,crn-002900,384,384,unclosed_code_fence,no_code_fence_used_raw_text,
deepseek-coder:6.7b,gold_location,crn-001548,263,263,unclosed_code_fence,no_code_fence_used_raw_text,
deepseek-coder:6.7b,gold_location,crn-011792,536,536,unclosed_code_fence,no_code_fence_used_raw_text,
deepseek-coder:6.7b,gold_location,crn-009624,304,304,unclosed_code_fence,no_code_fence_used_raw_text,
deepseek-coder:6.7b,gold_location,crn-005301,494,494,unclosed_code_fence,no_code_fence_used_raw_text,
deepseek-coder:6.7b,gold_location,crn-013319,1071,1070,unclosed_code_fence,no_code_fence_used_raw_text,
deepseek-coder:6.7b,gold_location,crn-007374,480,480,unclosed_code_fence,no_code_fence_used_raw_text,
deepseek-coder:6.7b,gold_location,crn-013037,1413,1234,unclosed_code_fence,removed_wrapper_text_or_gold_markers,
deepseek-coder:6.7b,gold_location,crn-003562,486,486,unclosed_code_fence,no_code_fence_used_raw_text,
deepseek-coder:6.7b,gold_location,crn-007447,456,456,unclosed_code_fence,no_code_fence_used_raw_text,
deepseek-coder:6.7b,gold_location,crn-006845,473,473,unclosed_code_fence,no_code_fence_used_raw_text,
deepseek-coder:6.7b,gold_location,crn-006104,1191,1191,unclosed_code_fence,no_code_fence_used_raw_text,
deepseek-coder:6.7b,gold_location,crn-001561,31,17,very_short_extracted_code,extracted_from_code_fence,
deepseek-coder:6.7b,gold_location,crn-012370,246,246,unclosed_code_fence,no_code_fence_used_raw_text,
deepseek-coder:6.7b,gold_location,crn-013161,208,157,unclosed_code_fence,no_code_fence_used_raw_text,
deepseek-coder:6.7b,gold_location,crn-013992,480,480,unclosed_code_fence,no_code_fence_used_raw_text,
deepseek-coder:6.7b,gold_location,crn-008178,403,403,unclosed_code_fence,no_code_fence_used_raw_text,
deepseek-coder:6.7b,gold_location,crn-002005,344,344,unclosed_code_fence,no_code_fence_used_raw_text,
deepseek-coder:6.7b,gold_location,crn-011001,489,489,unclosed_code_fence,no_code_fence_used_raw_text,
deepseek-coder:6.7b,gold_location,crn-004860,357,357,unclosed_code_fence,no_code_fence_used_raw_text,
deepseek-coder:6.7b,gold_location,crn-006752,273,273,unclosed_code_fence,no_code_fence_used_raw_text,
deepseek-coder:6.7b,gold_location,crn-002193,1728,1659,unclosed_code_fence,removed_wrapper_text_or_gold_markers,
deepseek-coder:6.7b,gold_location,crn-007339,290,290,unclosed_code_fence,no_code_fence_used_raw_text,
deepseek-coder:6.7b,gold_location,crn-000830,464,464,unclosed_code_fence,no_code_fence_used_raw_text,
deepseek-coder:6.7b,gold_location,crn-001661,640,640,unclosed_code_fence,no_code_fence_used_raw_text,
deepseek-coder:6.7b,gold_location,crn-009072,1082,1082,unclosed_code_fence,no_code_fence_used_raw_text,
deepseek-coder:6.7b,gold_location,crn-014501,450,408,unclosed_code_fence,removed_wrapper_text_or_gold_markers,
deepseek-coder:6.7b,gold_location,crn-011759,301,301,unclosed_code_fence,no_code_fence_used_raw_text,
deepseek-coder:6.7b,gold_location,crn-014111,591,591,unclosed_code_fence,no_code_fence_used_raw_text,
deepseek-coder:6.7b,gold_location,crn-007218,233,233,unclosed_code_fence,no_code_fence_used_raw_text,
deepseek-coder:6.7b,gold_location,crn-000229,600,600,unclosed_code_fence,no_code_fence_used_raw_text,
deepseek-coder:6.7b,gold_location,crn-007219,233,233,unclosed_code_fence,no_code_fence_used_raw_text,
deepseek-coder:6.7b,gold_location,crn-006601,226,226,unclosed_code_fence,no_code_fence_used_raw_text,
deepseek-coder:6.7b,gold_location,crn-009938,712,712,unclosed_code_fence,no_code_fence_used_raw_text,
deepseek-coder:6.7b,gold_location,crn-014557,309,16,very_short_extracted_code,extracted_from_code_fence,
deepseek-coder:6.7b,gold_location,crn-007090,680,680,unclosed_code_fence,no_code_fence_used_raw_text,
deepseek-coder:6.7b,gold_location,crn-008017,295,295,unclosed_code_fence,no_code_fence_used_raw_text,
deepseek-coder:6.7b,gold_location,crn-001581,288,233,unclosed_code_fence,extracted_from_code_fence,
deepseek-coder:6.7b,gold_location,crn-007372,591,522,unclosed_code_fence,removed_wrapper_text_or_gold_markers,
deepseek-coder:6.7b,gold_location,crn-009985,239,239,unclosed_code_fence,no_code_fence_used_raw_text,
deepseek-coder:6.7b,gold_location,crn-004267,445,445,unclosed_code_fence,no_code_fence_used_raw_text,
deepseek-coder:6.7b,gold_location,crn-004327,345,345,unclosed_code_fence,no_code_fence_used_raw_text,
deepseek-coder:6.7b,gold_location,crn-001780,26,12,very_short_extracted_code,extracted_from_code_fence,
deepseek-coder:6.7b,gold_location,crn-005088,269,269,unclosed_code_fence,no_code_fence_used_raw_text,
deepseek-coder:6.7b,gold_location,crn-009079,319,319,unclosed_code_fence,no_code_fence_used_raw_text,
deepseek-coder:6.7b,gold_location,crn-004446,531,531,unclosed_code_fence,no_code_fence_used_raw_text,
deepseek-coder:6.7b,gold_location,crn-009648,235,235,unclosed_code_fence,no_code_fence_used_raw_text,
deepseek-coder:6.7b,gold_location,crn-012923,332,263,unclosed_code_fence,removed_wrapper_text_or_gold_markers,
deepseek-coder:6.7b,gold_location,crn-001668,156,156,unclosed_code_fence,no_code_fence_used_raw_text,
deepseek-coder:6.7b,gold_location,crn-011474,339,339,unclosed_code_fence,no_code_fence_used_raw_text,
deepseek-coder:6.7b,gold_location,crn-006889,489,489,unclosed_code_fence,no_code_fence_used_raw_text,
deepseek-coder:6.7b,gold_location,crn-014007,320,320,unclosed_code_fence,no_code_fence_used_raw_text,
deepseek-coder:6.7b,gold_location,crn-004326,401,401,unclosed_code_fence,no_code_fence_used_raw_text,
deepseek-coder:6.7b,gold_location,crn-005390,583,583,unclosed_code_fence,no_code_fence_used_raw_text,
deepseek-coder:6.7b,gold_location,crn-004976,483,483,unclosed_code_fence,no_code_fence_used_raw_text,
deepseek-coder:6.7b,gold_location,crn-002363,375,374,unclosed_code_fence,no_code_fence_used_raw_text,
deepseek-coder:6.7b,gold_location,crn-009165,268,226,unclosed_code_fence,removed_wrapper_text_or_gold_markers,
deepseek-coder:6.7b,gold_location,crn-000435,277,235,unclosed_code_fence,removed_wrapper_text_or_gold_markers,
deepseek-coder:6.7b,gold_location,crn-006186,734,625,unclosed_code_fence,removed_wrapper_text_or_gold_markers,
deepseek-coder:6.7b,gold_location,crn-013517,595,595,unclosed_code_fence,no_code_fence_used_raw_text,
deepseek-coder:6.7b,gold_location,crn-004010,462,462,unclosed_code_fence,no_code_fence_used_raw_text,
deepseek-coder:6.7b,gold_location,crn-012130,302,302,unclosed_code_fence,no_code_fence_used_raw_text,
deepseek-coder:6.7b,gold_location,crn-002424,303,303,unclosed_code_fence,no_code_fence_used_raw_text,
deepseek-coder:6.7b,gold_location,crn-011492,231,140,unclosed_code_fence,no_code_fence_used_raw_text,
deepseek-coder:6.7b,gold_location,crn-007381,371,371,unclosed_code_fence,no_code_fence_used_raw_text,
deepseek-coder:6.7b,gold_location,crn-013150,869,869,unclosed_code_fence,no_code_fence_used_raw_text,
deepseek-coder:6.7b,gold_location,crn-007370,560,560,unclosed_code_fence,no_code_fence_used_raw_text,
deepseek-coder:6.7b,gold_location,crn-008468,403,403,unclosed_code_fence,no_code_fence_used_raw_text,
deepseek-coder:6.7b,gold_location,crn-010409,642,642,unclosed_code_fence,no_code_fence_used_raw_text,
deepseek-coder:6.7b,gold_location,crn-007375,413,413,unclosed_code_fence,no_code_fence_used_raw_text,
deepseek-coder:6.7b,gold_location,crn-008848,784,784,unclosed_code_fence,no_code_fence_used_raw_text,
deepseek-coder:6.7b,gold_location,crn-013516,367,367,unclosed_code_fence,no_code_fence_used_raw_text,
deepseek-coder:6.7b,gold_location,crn-000309,583,583,unclosed_code_fence,no_code_fence_used_raw_text,
deepseek-coder:6.7b,gold_location,crn-002408,331,331,unclosed_code_fence,no_code_fence_used_raw_text,
deepseek-coder:6.7b,gold_location,crn-002483,361,361,unclosed_code_fence,no_code_fence_used_raw_text,
deepseek-coder:6.7b,gold_location,crn-005669,169,169,unclosed_code_fence,no_code_fence_used_raw_text,
deepseek-coder:6.7b,gold_location,crn-004076,565,565,unclosed_code_fence,no_code_fence_used_raw_text,
deepseek-coder:6.7b,gold_location,crn-004324,308,308,unclosed_code_fence,no_code_fence_used_raw_text,
deepseek-coder:6.7b,gold_location,crn-014589,1412,1412,unclosed_code_fence,no_code_fence_used_raw_text,
deepseek-coder:6.7b,gold_location,crn-003908,30,15,very_short_extracted_code,extracted_from_code_fence,
deepseek-coder:6.7b,gold_location,crn-005961,503,434,unclosed_code_fence,removed_wrapper_text_or_gold_markers,
deepseek-coder:6.7b,gold_location,crn-013353,346,346,unclosed_code_fence,no_code_fence_used_raw_text,
deepseek-coder:6.7b,gold_location,crn-013504,269,269,unclosed_code_fence,no_code_fence_used_raw_text,
deepseek-coder:6.7b,gold_location,crn-008316,475,433,unclosed_code_fence,removed_wrapper_text_or_gold_markers,
deepseek-coder:6.7b,gold_location,crn-002109,347,347,unclosed_code_fence,no_code_fence_used_raw_text,
deepseek-coder:6.7b,gold_location,crn-006835,500,500,unclosed_code_fence,no_code_fence_used_raw_text,
deepseek-coder:6.7b,gold_location,crn-010265,866,865,unclosed_code_fence,no_code_fence_used_raw_text,
deepseek-coder:6.7b,gold_location,crn-007736,347,347,unclosed_code_fence,no_code_fence_used_raw_text,
deepseek-coder:6.7b,gold_location,crn-001864,535,535,unclosed_code_fence,no_code_fence_used_raw_text,
deepseek-coder:6.7b,gold_location,crn-002154,348,348,unclosed_code_fence,no_code_fence_used_raw_text,
deepseek-coder:6.7b,gold_location,crn-009200,1259,451,unclosed_code_fence,extracted_from_code_fence,
deepseek-coder:6.7b,gold_location,crn-011482,386,371,unclosed_code_fence,extracted_from_code_fence,
deepseek-coder:6.7b,gold_location,crn-005461,203,203,unclosed_code_fence,no_code_fence_used_raw_text,
deepseek-coder:6.7b,gold_location,crn-012406,464,464,unclosed_code_fence,no_code_fence_used_raw_text,
deepseek-coder:6.7b,gold_location,crn-006237,226,226,unclosed_code_fence,no_code_fence_used_raw_text,
deepseek-coder:6.7b,gold_location,crn-001517,305,286,unclosed_code_fence,extracted_from_code_fence,
deepseek-coder:6.7b,gold_location,crn-004116,406,406,unclosed_code_fence,no_code_fence_used_raw_text,
deepseek-coder:6.7b,gold_location,crn-011706,204,204,unclosed_code_fence,no_code_fence_used_raw_text,
deepseek-coder:6.7b,gold_location,crn-001540,170,170,unclosed_code_fence,no_code_fence_used_raw_text,
deepseek-coder:6.7b,gold_location,crn-013408,676,676,unclosed_code_fence,no_code_fence_used_raw_text,
deepseek-coder:6.7b,gold_location,crn-013249,373,355,unclosed_code_fence,extracted_from_code_fence,
deepseek-coder:6.7b,gold_location,crn-004322,494,494,unclosed_code_fence,no_code_fence_used_raw_text,
deepseek-coder:6.7b,gold_location,crn-001915,356,356,unclosed_code_fence,no_code_fence_used_raw_text,
deepseek-coder:6.7b,gold_location,crn-002484,453,384,unclosed_code_fence,removed_wrapper_text_or_gold_markers,
deepseek-coder:6.7b,gold_location,crn-005462,203,203,unclosed_code_fence,no_code_fence_used_raw_text,
deepseek-coder:6.7b,gold_location,crn-002964,476,476,unclosed_code_fence,no_code_fence_used_raw_text,
deepseek-coder:6.7b,gold_location,crn-002244,28,18,very_short_extracted_code,extracted_from_code_fence,
deepseek-coder:6.7b,gold_location,crn-006567,278,278,unclosed_code_fence,no_code_fence_used_raw_text,
deepseek-coder:6.7b,gold_location,crn-008772,471,471,unclosed_code_fence,no_code_fence_used_raw_text,
deepseek-coder:6.7b,gold_location,crn-000798,394,394,unclosed_code_fence,no_code_fence_used_raw_text,
deepseek-coder:6.7b,gold_location,crn-010785,557,557,unclosed_code_fence,no_code_fence_used_raw_text,
deepseek-coder:6.7b,gold_location,crn-014139,239,220,unclosed_code_fence,extracted_from_code_fence,
deepseek-coder:6.7b,gold_location,crn-002192,1728,1659,unclosed_code_fence,removed_wrapper_text_or_gold_markers,
deepseek-coder:6.7b,gold_location,crn-001049,429,429,unclosed_code_fence,no_code_fence_used_raw_text,
deepseek-coder:6.7b,gold_location,crn-010943,461,461,unclosed_code_fence,no_code_fence_used_raw_text,
deepseek-coder:6.7b,gold_location,crn-007886,470,470,unclosed_code_fence,no_code_fence_used_raw_text,
deepseek-coder:6.7b,gold_location,crn-006546,356,356,unclosed_code_fence,no_code_fence_used_raw_text,
deepseek-coder:6.7b,gold_location,crn-013527,191,191,unclosed_code_fence,no_code_fence_used_raw_text,
deepseek-coder:6.7b,gold_location,crn-014620,221,221,unclosed_code_fence,no_code_fence_used_raw_text,
deepseek-coder:6.7b,gold_location,crn-001814,364,364,unclosed_code_fence,no_code_fence_used_raw_text,
deepseek-coder:6.7b,gold_location,crn-013259,370,370,unclosed_code_fence,no_code_fence_used_raw_text,
deepseek-coder:6.7b,gold_location,crn-013124,325,325,unclosed_code_fence,no_code_fence_used_raw_text,
deepseek-coder:6.7b,gold_location,crn-009062,1153,1015,unclosed_code_fence,removed_wrapper_text_or_gold_markers,
deepseek-coder:6.7b,gold_location,crn-009473,569,569,unclosed_code_fence,no_code_fence_used_raw_text,
deepseek-coder:6.7b,gold_location,crn-013151,946,946,unclosed_code_fence,no_code_fence_used_raw_text,
deepseek-coder:6.7b,gold_location,crn-002595,488,488,unclosed_code_fence,no_code_fence_used_raw_text,
deepseek-coder:6.7b,gold_location,crn-014646,359,140,unclosed_code_fence,extracted_from_code_fence,
deepseek-coder:6.7b,gold_location,crn-007075,230,229,unclosed_code_fence,no_code_fence_used_raw_text,
deepseek-coder:6.7b,gold_location,crn-011855,276,234,unclosed_code_fence,removed_wrapper_text_or_gold_markers,
deepseek-coder:6.7b,gold_location,crn-009970,403,361,unclosed_code_fence,removed_wrapper_text_or_gold_markers,
deepseek-coder:6.7b,gold_location,crn-013082,423,423,unclosed_code_fence,no_code_fence_used_raw_text,
deepseek-coder:6.7b,gold_location,crn-011736,85,85,unclosed_code_fence,no_code_fence_used_raw_text,
deepseek-coder:6.7b,gold_location,crn-010891,327,300,unclosed_code_fence,removed_wrapper_text_or_gold_markers,
deepseek-coder:6.7b,gold_location,crn-010208,404,404,unclosed_code_fence,no_code_fence_used_raw_text,
deepseek-coder:6.7b,gold_location,crn-013025,906,906,unclosed_code_fence,no_code_fence_used_raw_text,
deepseek-coder:6.7b,gold_location,crn-006031,204,204,unclosed_code_fence,no_code_fence_used_raw_text,
deepseek-coder:6.7b,gold_location,crn-007670,596,596,unclosed_code_fence,no_code_fence_used_raw_text,
deepseek-coder:6.7b,gold_location,crn-002742,486,417,unclosed_code_fence,removed_wrapper_text_or_gold_markers,
deepseek-coder:6.7b,gold_location,crn-006179,1911,1057,near_num_predict_char_risk,multiple_code_fences_used_longest,
deepseek-coder:6.7b,gold_location,crn-012511,222,222,unclosed_code_fence,no_code_fence_used_raw_text,
deepseek-coder:6.7b,gold_location,crn-007221,233,233,unclosed_code_fence,no_code_fence_used_raw_text,
deepseek-coder:6.7b,gold_location,crn-004159,423,423,unclosed_code_fence,no_code_fence_used_raw_text,
deepseek-coder:6.7b,gold_location,crn-001693,322,212,unclosed_code_fence,extracted_from_code_fence,
deepseek-coder:6.7b,gold_location,crn-014538,718,580,unclosed_code_fence,removed_wrapper_text_or_gold_markers,
deepseek-coder:6.7b,gold_location,crn-014374,230,210,unclosed_code_fence,extracted_from_code_fence,
deepseek-coder:6.7b,gold_location,crn-013766,432,432,unclosed_code_fence,no_code_fence_used_raw_text,
deepseek-coder:6.7b,gold_location,crn-007050,1027,1027,unclosed_code_fence,no_code_fence_used_raw_text,
deepseek-coder:6.7b,gold_location,crn-010079,248,206,unclosed_code_fence,removed_wrapper_text_or_gold_markers,
deepseek-coder:6.7b,gold_location,crn-012122,493,493,unclosed_code_fence,no_code_fence_used_raw_text,
deepseek-coder:6.7b,gold_location,crn-004115,395,395,unclosed_code_fence,no_code_fence_used_raw_text,
deepseek-coder:6.7b,gold_location,crn-002663,351,321,unclosed_code_fence,extracted_from_code_fence,
deepseek-coder:6.7b,gold_location,crn-005670,169,169,unclosed_code_fence,no_code_fence_used_raw_text,
