model,feature,bin,n,value_min,value_max,direct_exact,gold_location_exact,gold_minus_direct_exact,direct_location_f1,gold_location_location_f1,gold_minus_direct_location_f1,direct_correct_gold_wrong_rate
qwen2.5-coder:7b,old_snippet_line_count,q4_gt_11,3383,12,44,0.02364765001477978,0.044043748152527346,0.020396098137747565,0.5285144533370291,0.7066001675824283,0.1780857142453992,0.007094295004433935
qwen2.5-coder:7b,old_snippet_line_count,q3_8_to_11,3176,9,11,0.05163727959697733,0.06517632241813602,0.01353904282115869,0.52806687702413,0.7065784186899353,0.1785115416658053,0.02991183879093199
qwen2.5-coder:7b,old_snippet_line_count,q1_le_8,8296,3,8,0.1328351012536162,0.07642237222757955,-0.05641272902603664,0.5340100881385839,0.6902893012644701,0.15627921312588622,0.09811957569913211
qwen2.5-coder:7b,review_word_count,q4_gt_24,3611,25,422,0.03295486014954306,0.0321240653558571,-0.00083079479368596,0.4689879091515749,0.6457730972086462,0.17678518805707127,0.022154527831625588
qwen2.5-coder:7b,review_word_count,q3_14_to_24,3388,15,24,0.07910271546635184,0.05460448642266824,-0.024498229043683595,0.5199196302308231,0.6886065705016142,0.16868694027079112,0.05785123966942149
qwen2.5-coder:7b,review_word_count,q1_le_8,4384,1,8,0.13024635036496351,0.10971715328467153,-0.02052919708029198,0.5689112468411706,0.7407898486026974,0.1718786017615268,0.08280109489051095
qwen2.5-coder:7b,review_word_count,q2_8_to_14,3472,9,14,0.11175115207373272,0.059907834101382486,-0.051843317972350235,0.5605249236594009,0.7052572168279139,0.144732293168513,0.0846774193548387
qwen2.5-coder:7b,gold_new_line_count,q4_gt_11,3132,12,42,0.007982120051085569,0.010217113665389528,0.0022349936143039595,0.471618322458931,0.6787355666804176,0.20711724422148658,0.004150702426564496
qwen2.5-coder:7b,gold_new_line_count,q3_8_to_11,3221,9,11,0.02732070785470351,0.013039428748835765,-0.014281279105867744,0.49677692979149723,0.6807994432673309,0.18402251347583365,0.02173238124805961
qwen2.5-coder:7b,gold_new_line_count,q1_le_8,8502,2,8,0.14502470007057164,0.10773935544577747,-0.03728534462479417,0.566693179424337,0.710715909947482,0.14402273052314507,0.09997647612326512
qwen2.5-coder:7b,number_changed_spans,q4_gt_1,3613,2.0,10.0,0.013285358427899253,0.01799058953778024,0.004705231109880985,0.4881874687627544,0.696229740846646,0.20804227208389164,0.005535566011624689
qwen2.5-coder:7b,number_changed_spans,q1_le_1,11242,1.0,1.0,0.11545988258317025,0.08228073296566447,-0.033179149617505774,0.5454039462396074,0.6978903588597848,0.15248641262017737,0.0812133072407045
qwen2.5-coder:7b,number_changed_lines,q4_gt_3,2831,4.0,20.0,0.0307311903920876,0.056870363829035674,0.026139173436948073,0.5602147665888763,0.7176965706609104,0.15748180407203416,0.008830801836806783
qwen2.5-coder:7b,number_changed_lines,q3_1_to_3,3947,2.0,3.0,0.04079047377755257,0.05269825183683811,0.011907778059285536,0.5057494842186773,0.6972297063700963,0.19148022215141902,0.024322270078540664
qwen2.5-coder:7b,number_changed_lines,q1_le_1,8077,1.0,1.0,0.1359415624613099,0.07688498204779003,-0.05905658041351987,0.5339966905832945,0.6905282685894298,0.15653157800613537,0.10053237588213446
qwen2.5-coder:7b,direct_output_line_count,q4_gt_11,3345,12,47,0.0068759342301943195,0.023318385650224215,0.016442451420029897,0.48251755466542956,0.6870331181809431,0.2045155635155136,0.003288490284005979
qwen2.5-coder:7b,direct_output_line_count,q2_8_to_9,2479,9,9,0.020572811617587738,0.03953206938281565,0.018959257765227912,0.6249553102482575,0.7204079764267332,0.0954526661784757,0.01734570391286809
qwen2.5-coder:7b,direct_output_line_count,q3_9_to_11,1977,10,11,0.015174506828528073,0.03186646433990895,0.01669195751138088,0.45330202341071163,0.6793601756225294,0.22605815221181774,0.012645422357106728
qwen2.5-coder:7b,direct_output_line_count,q1_le_8,7054,1,8,0.1760703147150553,0.1064644173518571,-0.0696058973631982,0.5437750146755357,0.6994682799684954,0.15569326529295968,0.12106606180890275
qwen2.5-coder:7b,direct_output_word_count,q4_gt_49,3555,50,229,0.043319268635724335,0.030942334739803096,-0.01237693389592124,0.5068946230293478,0.7063959416977135,0.19950131866836562,0.034036568213783404
qwen2.5-coder:7b,direct_output_word_count,q1_le_24,3799,1,24,0.14214266912345355,0.12845485654119504,-0.013687812582258513,0.5310758521711335,0.68692839727861,0.15585254510747648,0.08002105817320347
qwen2.5-coder:7b,direct_output_word_count,q3_35_to_49,3538,36,49,0.07037874505370266,0.0423968343697004,-0.027981910684002263,0.5454050647839578,0.6970724319138911,0.15166736712993334,0.059072922555115884
qwen2.5-coder:7b,direct_output_word_count,q2_24_to_35,3963,25,35,0.10169063840524854,0.06106484986121625,-0.040625788544032294,0.5415195109241451,0.6999850239395597,0.15846551301541467,0.0754478930103457
qwen2.5-coder:7b,direct_output_char_count,q4_gt_492,3695,493,1824,0.03382949932341001,0.031935047361299054,-0.0018944519621109587,0.5040346744778451,0.6945436830592029,0.19050900858135777,0.02354533152909337
qwen2.5-coder:7b,direct_output_char_count,q1_le_273,3721,12,273,0.14727223864552538,0.11045417898414404,-0.03681805966138134,0.5090840791321481,0.6742686889831779,0.16518460985102978,0.09486697124428917
qwen2.5-coder:7b,direct_output_char_count,q3_367_to_492,3714,368,492,0.06650511577813678,0.05277329025309639,-0.01373182552504039,0.5498168911930723,0.709903785608824,0.16008689441575163,0.050080775444264945
qwen2.5-coder:7b,direct_output_char_count,q2_273_to_367,3725,274,367,0.11436241610738256,0.07114093959731543,-0.04322147651006712,0.5628248520075344,0.711217747011893,0.1483928950043586,0.08241610738255034
qwen2.5-coder:7b,gold_location_output_line_count,q4_gt_11,3556,12,44,0.010686164229471317,0.008998875140607425,-0.0016872890888638917,0.4906003919063143,0.6796119945426466,0.18901160263633232,0.007311586051743532
qwen2.5-coder:7b,gold_location_output_line_count,q1_le_8,5723,1,8,0.14555303162676916,0.16092958238686003,0.015376550760090868,0.539905563294223,0.6731858542480305,0.13328029095380745,0.07775642145727765
qwen2.5-coder:7b,gold_location_output_line_count,q2_8_to_10,4356,9,10,0.10215794306703398,0.007575757575757576,-0.0945821854912764,0.5608478870705106,0.7560900883513888,0.1952422012808782,0.09917355371900827
qwen2.5-coder:7b,gold_location_output_line_count,q3_10_to_11,1220,11,11,0.02459016393442623,0.003278688524590164,-0.021311475409836064,0.5063479998644769,0.6543361857925026,0.14798818592802576,0.02459016393442623
qwen2.5-coder:7b,gold_location_output_word_count,q4_gt_46,3620,47,252,0.05441988950276243,0.020718232044198894,-0.03370165745856353,0.5184570576353029,0.7015150651910075,0.18305800755570456,0.044475138121546964
qwen2.5-coder:7b,gold_location_output_word_count,q1_le_23,4018,1,23,0.12991538078646092,0.13489298158287705,0.004977600796416126,0.5336541428943116,0.6801861589404028,0.14653201604609123,0.07541065206570433
qwen2.5-coder:7b,gold_location_output_word_count,q2_23_to_33,3740,24,33,0.0962566844919786,0.06524064171122995,-0.031016042780748654,0.5397200087342489,0.7088013803877965,0.16908137165354764,0.06818181818181818
qwen2.5-coder:7b,gold_location_output_word_count,q3_33_to_46,3477,34,46,0.07679033649698015,0.03710094909404659,-0.03968938740293356,0.5336965087173616,0.7011135411896141,0.16741703247225248,0.061547310900201324
qwen2.5-coder:7b,gold_location_output_char_count,q4_gt_474,3706,475,2172,0.042093901780895844,0.021046950890447922,-0.021046950890447922,0.504318679662228,0.694680022610395,0.19036134294816698,0.03049109552077712
qwen2.5-coder:7b,gold_location_output_char_count,q1_le_262,3719,17,262,0.13229362731917182,0.11831137402527561,-0.013982253293896213,0.5225034097394939,0.6531298237325306,0.13062641399303665,0.08523796719548266
qwen2.5-coder:7b,gold_location_output_char_count,q3_351_to_474,3716,352,474,0.07534983853606028,0.0492465016146394,-0.026103336921420882,0.5402082752495316,0.7219818859127679,0.18177361066323627,0.05597416576964478
qwen2.5-coder:7b,gold_location_output_char_count,q2_262_to_351,3714,263,351,0.11254711900915455,0.07781367797522887,-0.034733441033925685,0.5588700403308676,0.7201946154209432,0.16132457509007558,0.07942918686052773
deepseek-coder:6.7b,old_snippet_line_count,q4_gt_11,3383,12,44,0.0014779781259237363,0.004433934377771209,0.0029559562518474726,0.5465125029533798,0.5969955789582408,0.050483076004861016,0.0008867868755542418
deepseek-coder:6.7b,old_snippet_line_count,q3_8_to_11,3176,9,11,0.004722921914357683,0.007241813602015114,0.0025188916876574307,0.4761904367693188,0.5271557211659449,0.050965284396626065,0.0025188916876574307
deepseek-coder:6.7b,old_snippet_line_count,q1_le_8,8296,3,8,0.010366441658630666,0.006509161041465767,-0.0038572806171648993,0.3238903621557913,0.36383808988076105,0.03994772772496974,0.009161041465766635
deepseek-coder:6.7b,review_word_count,q4_gt_24,3611,25,422,0.003600110772639158,0.0030462475768485184,-0.0005538631957906397,0.4227398511460265,0.4603207304830424,0.03758087933701587,0.0024923843810578787
deepseek-coder:6.7b,review_word_count,q3_14_to_24,3388,15,24,0.004427390791027155,0.0038370720188902006,-0.0005903187721369545,0.4032172413758941,0.4485183199453668,0.045301078569472686,0.0038370720188902006
deepseek-coder:6.7b,review_word_count,q1_le_8,4384,1,8,0.011177007299270073,0.011405109489051095,0.00022810218978102162,0.4026031132580055,0.45133561636156533,0.04873250310355981,0.009352189781021899
deepseek-coder:6.7b,review_word_count,q2_8_to_14,3472,9,14,0.008352534562211982,0.005184331797235023,-0.0031682027649769587,0.400518837650391,0.44695559902398974,0.046436761373598756,0.0069124423963133645
deepseek-coder:6.7b,gold_new_line_count,q4_gt_11,3132,12,42,0.00031928480204342275,0.00031928480204342275,0.0,0.4717189261858653,0.5250652424905842,0.053346316304718866,0.00031928480204342275
deepseek-coder:6.7b,gold_new_line_count,q3_8_to_11,3221,9,11,0.0018627755355479665,0.001552312946289972,-0.00031046258925799446,0.43674095893019,0.48462518099260343,0.04788422206241344,0.0018627755355479665
deepseek-coder:6.7b,gold_new_line_count,q1_le_8,8502,2,8,0.011644318983768526,0.010115266996000941,-0.0015290519877675848,0.3721548769215258,0.4124678146591247,0.040312937737598864,0.009409550693954364
deepseek-coder:6.7b,number_changed_spans,q4_gt_1,3613,2.0,10.0,0.0005535566011624688,0.0016606698034874066,0.001107113202324938,0.4764398248636456,0.5361677029132554,0.05972787804960983,0.0005535566011624688
deepseek-coder:6.7b,number_changed_spans,q1_le_1,11242,1.0,1.0,0.009251022949653086,0.007649884362213129,-0.0016011385874399571,0.38488258155868466,0.42475622638889626,0.03987364483021161,0.007560932218466465
deepseek-coder:6.7b,number_changed_lines,q4_gt_3,2831,4.0,20.0,0.00282585658777817,0.008124337689862239,0.005298481102084069,0.6220621067025138,0.6620771174888355,0.040015010786321636,0.0010596962204168139
deepseek-coder:6.7b,number_changed_lines,q3_1_to_3,3947,2.0,3.0,0.003040283759817583,0.004307068659741576,0.0012667848999239934,0.43597533363710794,0.4922945880092022,0.056319254372094285,0.0020268558398783888
deepseek-coder:6.7b,number_changed_lines,q1_le_1,8077,1.0,1.0,0.010647517642689118,0.006438033923486443,-0.004209483719202675,0.3177385914540799,0.35840737268866524,0.04066878123458534,0.009409434195864801
deepseek-coder:6.7b,direct_output_line_count,q4_gt_11,3304,12,43,0.0003026634382566586,0.00211864406779661,0.0018159806295399514,0.4863417033778845,0.54195208353754,0.05561038015965547,0.0003026634382566586
deepseek-coder:6.7b,direct_output_line_count,q2_7_to_8,2883,8,8,0.018730489073881373,0.006243496357960458,-0.012486992715920915,0.40287602810623946,0.4329926400968008,0.030116611990561315,0.018036767256330213
deepseek-coder:6.7b,direct_output_line_count,q3_8_to_11,3812,9,11,0.0015739769150052466,0.004197271773347324,0.002623294858342078,0.4219012659360973,0.4611098576699491,0.03920859173385183,0.0015739769150052466
deepseek-coder:6.7b,direct_output_line_count,q1_le_7,4856,1,7,0.009266886326194398,0.010502471169686986,0.001235584843492588,0.344228761609527,0.3944821179663527,0.05025335635682571,0.005766062602965404
deepseek-coder:6.7b,direct_output_word_count,q4_gt_49,3699,50,214,0.0016220600162206002,0.0013517166801838335,-0.0002703433360367667,0.43405098816956994,0.485648368303272,0.051597380133702075,0.0016220600162206002
deepseek-coder:6.7b,direct_output_word_count,q1_le_24,4030,1,24,0.014640198511166254,0.012655086848635236,-0.0019851116625310174,0.3843590093506496,0.4278558192275931,0.04349680987694349,0.010421836228287842
deepseek-coder:6.7b,direct_output_word_count,q2_24_to_34,3423,25,34,0.0081799591002045,0.006134969325153374,-0.0020449897750511254,0.402564976832997,0.4418595857934115,0.03929460896041448,0.007595676307332749
deepseek-coder:6.7b,direct_output_word_count,q3_34_to_49,3703,35,49,0.0035106670267350797,0.004050769646232784,0.0005401026194977046,0.40932372144028595,0.45345011603502905,0.0441263945947431,0.0035106670267350797
deepseek-coder:6.7b,direct_output_char_count,q4_gt_483,3708,484,1800,0.0016181229773462784,0.0024271844660194173,0.0008090614886731389,0.4598867697626113,0.5131648821042688,0.053278112341657524,0.0016181229773462784
deepseek-coder:6.7b,direct_output_char_count,q1_le_257,3719,12,257,0.010486689970422156,0.01156224791610648,0.0010755579456843238,0.35828369697377244,0.40249014419406337,0.044206447220290934,0.006453347674105943
deepseek-coder:6.7b,direct_output_char_count,q2_257_to_352,3746,258,352,0.009877202349172451,0.006673785371062467,-0.0032034169781099842,0.3940550899279441,0.4375886268802294,0.043533536952285345,0.009343299519487454
deepseek-coder:6.7b,direct_output_char_count,q3_352_to_483,3682,353,483,0.006518196632265073,0.004073872895165671,-0.0024443237370994023,0.4167244679304138,0.4544813096946967,0.0377568417642829,0.005975013579576317
deepseek-coder:6.7b,gold_location_output_line_count,q4_gt_11,3281,12,55,0.0012191405059433099,0.00030478512648582747,-0.0009143553794574824,0.4999366798133648,0.5495113765633148,0.04957469674995002,0.0012191405059433099
deepseek-coder:6.7b,gold_location_output_line_count,q1_le_7,4498,1,7,0.010226767452200978,0.018674966651845263,0.008448199199644285,0.3568734727915467,0.378295366239082,0.021421893447535312,0.006447309915518008
deepseek-coder:6.7b,gold_location_output_line_count,q3_9_to_11,2497,10,11,0.006007208650380457,0.0012014417300760913,-0.004805766920304365,0.42260374125874456,0.4798733949908168,0.05726965373207227,0.006007208650380457
deepseek-coder:6.7b,gold_location_output_line_count,q2_7_to_9,4579,8,9,0.008953920069884254,0.0008735531775496833,-0.00808036689233457,0.3816283905018503,0.43885567952606835,0.05722728902421803,0.008517143481109412
deepseek-coder:6.7b,gold_location_output_word_count,q4_gt_45,3673,46,192,0.0019057990743261638,0.0002722570106180234,-0.0016335420637081403,0.44245684781890465,0.4876057104894276,0.04514886267052293,0.0019057990743261638
deepseek-coder:6.7b,gold_location_output_word_count,q1_le_22,3955,1,22,0.01415929203539823,0.01592920353982301,0.0017699115044247787,0.38609188182175647,0.4245714265354632,0.03847954471370674,0.010113780025284451
deepseek-coder:6.7b,gold_location_output_word_count,q2_22_to_32,3717,23,32,0.007263922518159807,0.005918751681463546,-0.0013451708366962606,0.39201665392017976,0.4396703117344725,0.04765365781429276,0.00645682001614205
deepseek-coder:6.7b,gold_location_output_word_count,q3_32_to_45,3510,33,45,0.004558404558404558,0.0017094017094017094,-0.0028490028490028487,0.409961188561223,0.4580835021074372,0.04812231354621421,0.004558404558404558
deepseek-coder:6.7b,gold_location_output_char_count,q4_gt_472,3713,473,1867,0.0024239159709130084,0.00134661998384056,-0.0010772959870724483,0.4624336337255263,0.520863157632758,0.05842952390723172,0.0024239159709130084
deepseek-coder:6.7b,gold_location_output_char_count,q1_le_254,3718,12,254,0.009682625067240451,0.013448090371167294,0.003765465303926843,0.36938001292193334,0.3920052171277536,0.02262520420582026,0.005917159763313609
deepseek-coder:6.7b,gold_location_output_char_count,q2_254_to_349,3735,255,349,0.00963855421686747,0.006157965194109772,-0.0034805890227576986,0.389582296703219,0.4356599813606359,0.046077684657416906,0.009103078982597055
deepseek-coder:6.7b,gold_location_output_char_count,q3_349_to_472,3689,350,472,0.006776904310111141,0.003795066413662239,-0.002981837896448902,0.4073641151699471,0.45910899315157766,0.05174487798163058,0.005963675792897805
qwen2.5-coder:32b,old_snippet_line_count,q4_gt_11,3383,12,44,0.054389595033993494,0.04167898315104936,-0.012710611882944131,0.6361511641785472,0.7269575804890468,0.09080641631049957,0.029559562518474726
qwen2.5-coder:32b,old_snippet_line_count,q3_8_to_11,3176,9,11,0.08532745591939547,0.05415617128463476,-0.03117128463476071,0.6545571242873621,0.7315305680350502,0.07697344374768811,0.053211586901763225
qwen2.5-coder:32b,old_snippet_line_count,q1_le_8,8296,3,8,0.16152362584378013,0.03712632594021215,-0.12439729990356799,0.6593370333727132,0.6782084256951663,0.01887139232245305,0.13934426229508196
qwen2.5-coder:32b,review_word_count,q4_gt_24,3611,25,422,0.05760177236222653,0.023816117418997508,-0.03378565494322902,0.6142482427044351,0.6729218268223718,0.05867358411793666,0.047078371642204374
qwen2.5-coder:32b,review_word_count,q3_14_to_24,3388,15,24,0.11894923258559623,0.031582054309327035,-0.08736717827626919,0.6461717360930097,0.6904217018831967,0.04424996579018703,0.1000590318772137
qwen2.5-coder:32b,review_word_count,q1_le_8,4384,1,8,0.15031934306569342,0.06683394160583941,-0.083485401459854,0.6709871634996196,0.7265317193937757,0.05554455589415608,0.1104014598540146
qwen2.5-coder:32b,review_word_count,q2_8_to_14,3472,9,14,0.15120967741935484,0.03888248847926267,-0.11232718894009217,0.6774034772297096,0.7070481503406383,0.029644673110928665,0.12442396313364056
qwen2.5-coder:32b,gold_new_line_count,q4_gt_11,3132,12,42,0.018837803320561942,0.006066411238825032,-0.01277139208173691,0.5785769282592974,0.6664034414623334,0.08782651320303603,0.014687100893997445
qwen2.5-coder:32b,gold_new_line_count,q3_8_to_11,3221,9,11,0.040670599192797266,0.005277864017385905,-0.03539273517541136,0.617124417690866,0.6943690965226751,0.07724467883180908,0.037565973300217326
qwen2.5-coder:32b,gold_new_line_count,q1_le_8,8502,2,8,0.18877911079745943,0.06880733944954129,-0.11997177134791814,0.694068707988981,0.7157512632182191,0.02168255522923812,0.14796518466243236
qwen2.5-coder:32b,number_changed_spans,q4_gt_1,3613,2.0,10.0,0.024633268751729866,0.012178245225574315,-0.01245502352615555,0.5957456604058791,0.6762438548274045,0.08049819442152539,0.017160254636036536
qwen2.5-coder:32b,number_changed_spans,q1_le_1,11242,1.0,1.0,0.1517523572318093,0.0513253869418253,-0.100426970289984,0.6714466974707592,0.7085737974514723,0.03712709998071306,0.12124177192670343
qwen2.5-coder:32b,number_changed_lines,q4_gt_3,2831,4.0,20.0,0.06499470151889791,0.05545743553514659,-0.00953726598375132,0.6611853316451457,0.7617995568167872,0.10061422517164154,0.032497350759448956
qwen2.5-coder:32b,number_changed_lines,q3_1_to_3,3947,2.0,3.0,0.06967316949581961,0.04180390169749176,-0.02786926779832785,0.6310088100582498,0.7017574987023699,0.0707486886441201,0.045604256397263745
qwen2.5-coder:32b,number_changed_lines,q1_le_1,8077,1.0,1.0,0.16540794849572862,0.03701869506004705,-0.12838925343568158,0.6609416115916055,0.6787872088293037,0.017845597237698185,0.14275102141884363
qwen2.5-coder:32b,direct_output_line_count,q4_gt_11,3556,12,133,0.016310461192350956,0.0140607424071991,-0.0022497187851518562,0.5678813146133888,0.6918097060107739,0.1239283913973851,0.01265466816647919
qwen2.5-coder:32b,direct_output_line_count,q2_8_to_9,2503,9,9,0.031562125449460646,0.015980823012385136,-0.01558130243707551,0.7682442346699165,0.7459736822796821,-0.022270552390234455,0.029165001997602878
qwen2.5-coder:32b,direct_output_line_count,q3_9_to_11,1857,10,11,0.02207862143241788,0.013462574044157244,-0.008616047388260635,0.5898384660964853,0.696533305678388,0.10669483958190273,0.021540118470651588
qwen2.5-coder:32b,direct_output_line_count,q1_le_8,6939,1,8,0.23303069606571553,0.07292117019743478,-0.16010952586828076,0.6720278913860112,0.690062817189183,0.018034925803171897,0.1825911514627468
qwen2.5-coder:32b,direct_output_word_count,q4_gt_50,3613,51,266,0.045945197896484914,0.012455023526155549,-0.03349017437032936,0.6189453679920486,0.7199005284828436,0.100955160490795,0.043454193191253807
qwen2.5-coder:32b,direct_output_word_count,q1_le_24,3821,1,24,0.19052604030358544,0.09159905783826224,-0.09892698246532321,0.6406721014237611,0.6834839992419357,0.04281189781817463,0.1277152577859199
qwen2.5-coder:32b,direct_output_word_count,q3_35_to_50,3623,36,50,0.09439690863924924,0.021253105161468396,-0.07314380347778085,0.6683228631928567,0.7030761650534305,0.03475330186057379,0.08308032017664918
qwen2.5-coder:32b,direct_output_word_count,q2_24_to_35,3798,25,35,0.14718272775144814,0.03923117430226435,-0.10795155344918378,0.6833179032568547,0.6975296898210467,0.014211786564191975,0.12611901000526593
qwen2.5-coder:32b,direct_output_char_count,q4_gt_506,3713,507,2716,0.03985995152168058,0.014274171828709938,-0.025585779692970642,0.6281920434524231,0.7329531451141901,0.104761101661767,0.03501211957985457
qwen2.5-coder:32b,direct_output_char_count,q1_le_276,3722,17,276,0.1845781837721655,0.08194519075765717,-0.10263299301450833,0.604119367925874,0.6402073455241328,0.03608797759825888,0.1324556689951639
qwen2.5-coder:32b,direct_output_char_count,q3_376_to_506,3693,377,506,0.10289737340915245,0.027078256160303276,-0.07581911724884917,0.690708580153921,0.733082689457897,0.042374109303976004,0.08935824532900082
qwen2.5-coder:32b,direct_output_char_count,q2_276_to_376,3727,277,376,0.15562114301046417,0.04373490743225114,-0.11188623557821303,0.689304189091853,0.6969344079482265,0.007630218856373494,0.1266434129326536
qwen2.5-coder:32b,gold_location_output_line_count,q4_gt_10,3669,11,74,0.021804306350504225,0.005451076587626056,-0.016353229762878167,0.5933734293791356,0.6840996019534281,0.0907261725742925,0.01826110656854729
qwen2.5-coder:32b,gold_location_output_line_count,q3_8_to_10,2490,9,10,0.04819277108433735,0.005220883534136547,-0.0429718875502008,0.6227262691470542,0.6985621640425385,0.07583589489548426,0.04538152610441767
qwen2.5-coder:32b,gold_location_output_line_count,q1_le_8,8696,1,8,0.18341766329346826,0.06761729530818768,-0.11580036798528058,0.6868856165414561,0.7083342284277617,0.021448611886305646,0.14316927322907083
qwen2.5-coder:32b,gold_location_output_word_count,q4_gt_45,3629,46,246,0.06530724717553045,0.008817856158721412,-0.05648939101680904,0.6291181121549493,0.7080904335639808,0.07897232140903154,0.05924497106640948
qwen2.5-coder:32b,gold_location_output_word_count,q1_le_22,3761,2,22,0.17468758308960383,0.09492156341398564,-0.0797660196756182,0.6498588623162048,0.6889233414972165,0.039064479181011635,0.11858548258441903
qwen2.5-coder:32b,gold_location_output_word_count,q2_22_to_32,3882,23,32,0.14193714580113342,0.03967027305512622,-0.10226687274600721,0.6726073726590559,0.7025128626636709,0.029905490004614954,0.1184956208140134
qwen2.5-coder:32b,gold_location_output_word_count,q3_32_to_45,3583,33,45,0.09768350544236673,0.021769466927156013,-0.07591403851521072,0.6593866070802967,0.7036561191196696,0.044269512039372905,0.08484510186994139
qwen2.5-coder:32b,gold_location_output_char_count,q4_gt_473,3700,474,2097,0.05540540540540541,0.00972972972972973,-0.04567567567567568,0.6344505457217338,0.737090217089821,0.10263967136808727,0.049189189189189186
qwen2.5-coder:32b,gold_location_output_char_count,q1_le_262,3754,5,262,0.16409163558870538,0.08364411294619073,-0.08044752264251465,0.6145137553627131,0.6301342577985111,0.015620502435797934,0.11880660628662759
qwen2.5-coder:32b,gold_location_output_char_count,q3_353_to_473,3717,354,473,0.11030400860909335,0.026096314231907454,-0.0842076943771859,0.6816552822498175,0.7362839752031749,0.05462869295335737,0.09362389023405973
qwen2.5-coder:32b,gold_location_output_char_count,q2_262_to_353,3684,263,353,0.15309446254071662,0.04723127035830619,-0.10586319218241044,0.6820761409033941,0.7001982452776098,0.018122104374215686,0.12187839305103149
