id,baseline,language,exact_match,exact_match_trim,exact_match_line_trim,location_overlap_f1,prediction_len_chars,target_len_chars,num_gold_spans,num_gold_changed_old_lines,change_complexity
crn-005287,no_review,sql,0,0,0,0.0,336,565,1,1,tiny_1_line
crn-011737,no_review,ruby,0,0,0,0.5333333333333333,339,374,1,4,medium_4_8_lines
crn-002932,no_review,perl,0,0,0,0.6666666666666666,775,691,1,6,medium_4_8_lines
crn-002192,no_review,sql,0,0,0,0.72,1649,1652,1,9,large_9plus_lines
crn-006232,no_review,php,0,0,0,0.4,523,611,2,2,small_2_3_lines
crn-011391,no_review,go,0,0,0,0.3333333333333333,504,482,2,2,small_2_3_lines
crn-002686,no_review,r,0,0,0,1.0,329,404,1,6,medium_4_8_lines
crn-004518,no_review,java,0,0,0,0.2222222222222222,320,330,1,1,tiny_1_line
crn-003358,no_review,scala,0,0,0,0.36363636363636365,249,205,1,2,small_2_3_lines
crn-008823,no_review,javascript,0,0,0,0.36363636363636365,400,339,1,2,small_2_3_lines
crn-006784,no_review,go,0,0,0,0.56,1351,1072,4,14,large_9plus_lines
crn-013905,no_review,kotlin,0,0,0,0.7,540,295,1,7,medium_4_8_lines
crn-002938,no_review,perl,0,0,0,0.72,363,189,1,9,large_9plus_lines
crn-000862,no_review,objective-c,0,0,0,0.8571428571428571,784,752,3,8,medium_4_8_lines
crn-006421,no_review,ruby,0,0,0,0.36363636363636365,67,116,1,2,small_2_3_lines
crn-000801,no_review,objective-c,0,0,0,0.6666666666666666,352,188,1,5,medium_4_8_lines
crn-009395,no_review,c,0,0,0,0.2,455,155,1,9,large_9plus_lines
crn-004543,no_review,java,0,0,0,0.5833333333333334,944,741,3,7,medium_4_8_lines
crn-006291,no_review,c,0,0,0,0.6,983,1245,5,12,large_9plus_lines
crn-000798,no_review,objective-c,0,0,0,0.2222222222222222,306,351,1,1,tiny_1_line
crn-011089,no_review,csharp,0,0,0,0.5882352941176471,460,489,1,5,medium_4_8_lines
crn-000744,no_review,swift,0,0,0,1.0,367,373,1,2,small_2_3_lines
crn-001241,no_review,kotlin,0,0,0,0.2222222222222222,293,305,1,1,tiny_1_line
crn-009360,no_review,c,0,0,0,1.0,558,453,1,7,medium_4_8_lines
crn-005359,no_review,javascript,0,0,0,0.5882352941176471,323,251,1,5,medium_4_8_lines
crn-002326,no_review,r,0,0,0,0.5714285714285714,599,529,3,4,medium_4_8_lines
crn-006510,no_review,cpp,0,0,0,1.0,372,307,1,5,medium_4_8_lines
crn-005332,no_review,sql,0,0,0,0.5714285714285714,360,589,1,4,medium_4_8_lines
crn-009549,no_review,sql,0,0,0,0.5,87,550,2,2,small_2_3_lines
crn-009507,no_review,cpp,0,0,0,0.6666666666666666,252,242,1,1,tiny_1_line
crn-005287,direct,sql,0,0,0,0.0,336,565,1,1,tiny_1_line
crn-011737,direct,ruby,0,0,0,1.0,440,374,1,4,medium_4_8_lines
crn-002932,direct,perl,0,0,0,0.0,741,691,1,6,medium_4_8_lines
crn-002192,direct,sql,0,0,0,1.0,1647,1652,1,9,large_9plus_lines
crn-006232,direct,php,0,0,0,0.3333333333333333,551,611,2,2,small_2_3_lines
crn-011391,direct,go,0,0,0,0.3333333333333333,341,482,2,2,small_2_3_lines
crn-002686,direct,r,0,0,0,1.0,390,404,1,6,medium_4_8_lines
crn-004518,direct,java,1,1,1,1.0,330,330,1,1,tiny_1_line
crn-003358,direct,scala,0,0,0,0.36363636363636365,197,205,1,2,small_2_3_lines
crn-008823,direct,javascript,0,0,0,0.36363636363636365,303,339,1,2,small_2_3_lines
crn-006784,direct,go,0,0,0,0.0,1239,1072,4,14,large_9plus_lines
crn-013905,direct,kotlin,0,0,0,0.7,541,295,1,7,medium_4_8_lines
crn-002938,direct,perl,0,0,0,0.72,272,189,1,9,large_9plus_lines
crn-000862,direct,objective-c,0,0,0,0.2,815,752,3,8,medium_4_8_lines
crn-006421,direct,ruby,0,0,0,0.36363636363636365,53,116,1,2,small_2_3_lines
crn-000801,direct,objective-c,0,0,0,0.9090909090909091,358,188,1,5,medium_4_8_lines
crn-009395,direct,c,0,0,0,0.72,296,155,1,9,large_9plus_lines
crn-004543,direct,java,0,0,0,0.5833333333333334,621,741,3,7,medium_4_8_lines
crn-006291,direct,c,0,0,0,0.6,1219,1245,5,12,large_9plus_lines
crn-000798,direct,objective-c,0,0,0,0.0,357,351,1,1,tiny_1_line
crn-011089,direct,csharp,0,0,0,0.625,517,489,1,5,medium_4_8_lines
crn-000744,direct,swift,0,0,0,1.0,345,373,1,2,small_2_3_lines
crn-001241,direct,kotlin,0,0,0,0.0,323,305,1,1,tiny_1_line
crn-009360,direct,c,0,0,0,1.0,646,453,1,7,medium_4_8_lines
crn-005359,direct,javascript,0,0,0,0.5882352941176471,243,251,1,5,medium_4_8_lines
crn-002326,direct,r,0,0,0,0.5714285714285714,599,529,3,4,medium_4_8_lines
crn-006510,direct,cpp,1,1,1,1.0,307,307,1,5,medium_4_8_lines
crn-005332,direct,sql,0,0,0,0.8888888888888888,492,589,1,4,medium_4_8_lines
crn-009549,direct,sql,0,0,0,0.8,190,550,2,2,small_2_3_lines
crn-009507,direct,cpp,1,1,1,1.0,242,242,1,1,tiny_1_line
crn-005287,gold_location,sql,0,0,0,1.0,333,565,1,1,tiny_1_line
crn-011737,gold_location,ruby,0,0,0,1.0,386,374,1,4,medium_4_8_lines
crn-002932,gold_location,perl,0,0,0,0.8333333333333334,792,691,1,6,medium_4_8_lines
crn-002192,gold_location,sql,0,0,0,1.0,1647,1652,1,9,large_9plus_lines
crn-006232,gold_location,php,0,0,0,0.5,525,611,2,2,small_2_3_lines
crn-011391,gold_location,go,0,0,0,0.8,502,482,2,2,small_2_3_lines
crn-002686,gold_location,r,0,0,0,1.0,397,404,1,6,medium_4_8_lines
crn-004518,gold_location,java,0,0,0,1.0,401,330,1,1,tiny_1_line
crn-003358,gold_location,scala,0,0,0,1.0,204,205,1,2,small_2_3_lines
crn-008823,gold_location,javascript,0,0,0,1.0,410,339,1,2,small_2_3_lines
crn-006784,gold_location,go,0,0,0,0.9629629629629629,1237,1072,4,14,large_9plus_lines
crn-013905,gold_location,kotlin,0,0,0,0.7,541,295,1,7,medium_4_8_lines
crn-002938,gold_location,perl,0,0,0,0.72,243,189,1,9,large_9plus_lines
crn-000862,gold_location,objective-c,0,0,0,0.46153846153846156,877,752,3,8,medium_4_8_lines
crn-006421,gold_location,ruby,0,0,0,0.5714285714285714,113,116,1,2,small_2_3_lines
crn-000801,gold_location,objective-c,0,0,0,0.9090909090909091,351,188,1,5,medium_4_8_lines
crn-009395,gold_location,c,0,0,0,0.72,296,155,1,9,large_9plus_lines
crn-004543,gold_location,java,0,0,0,0.8235294117647058,479,741,3,7,medium_4_8_lines
crn-006291,gold_location,c,0,0,0,0.6,1219,1245,5,12,large_9plus_lines
crn-000798,gold_location,objective-c,0,0,0,1.0,424,351,1,1,tiny_1_line
crn-011089,gold_location,csharp,0,0,0,1.0,590,489,1,5,medium_4_8_lines
crn-000744,gold_location,swift,0,0,0,1.0,343,373,1,2,small_2_3_lines
crn-001241,gold_location,kotlin,0,0,0,0.2222222222222222,293,305,1,1,tiny_1_line
crn-009360,gold_location,c,0,0,0,0.9333333333333333,595,453,1,7,medium_4_8_lines
crn-005359,gold_location,javascript,0,0,0,0.3333333333333333,392,251,1,5,medium_4_8_lines
crn-002326,gold_location,r,0,0,0,0.46153846153846156,554,529,3,4,medium_4_8_lines
crn-006510,gold_location,cpp,1,1,1,1.0,307,307,1,5,medium_4_8_lines
crn-005332,gold_location,sql,0,0,0,0.8,299,589,1,4,medium_4_8_lines
crn-009549,gold_location,sql,0,0,0,0.8,220,550,2,2,small_2_3_lines
crn-009507,gold_location,cpp,0,0,0,1.0,313,242,1,1,tiny_1_line
